sentiment,review
Positive,Kalki super hit akum enn Bonny parayan paranju
Positive,Become an arjun asokaN fan. .. padam kalakki
Negative,Koora padam
Negative,Poli padam njn ella mammooty movies kanarundu itrekku disapointed akkiya oru movie aduthundayittilla
Negative,Padathinte peru sheriyalla yenth unda oru veraity vende perinu.
Positive,Nalla oru film anuuu ellavarum poyi kanu....
Negative,Iyyalkke rest cheyyanulla time aayilla.. kanda oola padagalilellam abinayiche vila poi paavam..
Positive,Padam kand trailer kanuvan vannvar undo..poli film
Positive,Ikka polichu movie Si Mani sir
Positive,peru ketapol e unda pottum ennaanu karuthiyath. but unda load aayappol alle manasilaayath.... e unda pottilla
Positive,1:11 a simple loook enna poweraaa!!!!
Positive,Movide peru kandu dislike adikaan vannatha
Positive,Trailer superrrrr ikka pwolikkum padam oru action thriller blockbuster ayirikkum
Positive,Ithu Vera levelakum urappa..... Ela ikka fansinum all best....
Negative,Pattuna paniku poyapore ika... oru nalla story anu nghalu nashipikanathu
Positive,Ithu oru onnu onnara unda aayirikum
Positive,Kore naalk shesham ikkante padam kananam enn thonnath ee trailer kandapola...ith polikum...
Positive,All the best ikka.... Oru ettan fan
Positive,Oru lalettan fan aaya njan polum like adichu poyi.... sprb
Positive,Orupadu ishtayi..... Nalla oru cinema pratheekshikunnu.... Ellrm kidu ane...
Negative,Thalli thalli kure ayallo oru padamenkilum vijayippichu kanikku kidannu thalli marikkathe
Negative,Failure anu nalla mammokka movie kandu varashangal ayi....
Positive,njan oru katta ettan fan pakshe ikkayude ee unda pollikkum
Negative,Mammokayude unda varunnu an kaliyakiyavar kedo.....unda verum undayala thokkil vediunda yamanasilaya  mammookaye kaliyakunnavare
Positive,Trailer ishtapettu like ittitundu .  . . .  .june 14 kanam    . .
Positive,Engane ulla filims venamm..kooduthal mass onnum venda... Simple but powerfull..
Positive,Inganathe oru padathin vendi aayirunnu kaathiripp...avanteyokke.. friendshipum..romanceum...chaliyum..masalayum.. kand maduth
Positive,super trailer...ithinu enthinaanu makkale dislike...nallathine angeekarikku...
Positive,This is interesting.....ikka polikku ikka.....all the best from Lalettan Fans
Positive,Mohanlal fansinte full spprt ikka pwlichadukk .
Positive,Unda ennu peru ketapole kaliyakiyanmarodu onne parayanullu...ee padam pwolikum
Positive,Kidu trailer oru rakshem illa katta waiting
Positive,Rahumanaaa ne polikkadaaa... My dear class mate🥰
Negative,Aayea.... ithu oru unda aavolo.... boar ....
Positive,Jeevithavumaayi bandapett kidakkunna movie aayathu kond trailer kaanumbol vallatha oru santhosham battalion police kaarude real life aanu parayunnath
Negative,Nannayi onnu poliyunna lakshnm unde...Thrill maintain cheyan ayillenkil
Positive,Adipoli... Kidu kidu kidu... First day first show... #mammookka
Positive,Njan oru lalettan fan .Pakshe ikkayku oru blockbuster padam ashamsikkunnu
Positive,Ith kidukkan aakum...  Eagerly waiting... lub you ikkaa from eattan fan...
Positive,Supper Mamooka Mamooka Pakaram Mamooka Mathram
Positive,Ithe ikka polikkum ne thonane. Laletten fansinte vaka ore all the best
Positive,Njan oru katta ettan fan Annu enkilum....ithu polikum
Positive,Kidilam theme  Padam theatril kandrikum #lalettan fan
Positive,sathyam parayalow kaNubol ente police traing kalam ormavarunu
Positive,Unda enna peru kettapo
Positive,Mammookyde oru padavum fdfs kndttla.. ith FDFS locked
Positive,Maoist alla Maoistnte apanae varee  nammal  putikum all the best mammoka  & unda movie team
Positive,Age in reverse gear.. Ennu parayunnath verthe alla ikkaa..
Negative,Ithinu dislike cheythathu maoistukalum lalettan fansum arikum
Positive,kure naalu koodiya oru mammookka trailer kaandu santhosham thonunnathu.
Positive,Best wishes mammookka&team. Van vijayam aakkatte enn prathikkunnu
Positive,Padam vere level.. feel tharunnu ee trailer
Positive,Mammooka polikum asifikka yude oru guast roll ഉണ്ട് athinum katta waiting
Positive,Ithihasa nadanmaril ninnu ithu polathe movies aanu pratheekshikunnathu
Negative,Ethu powlikkum maduraraja yum puliyum myrumonnumalla nammukke vendate immatiri items aane
Positive,hoo mammokka police vesham aaha anthas
Positive,Ithanu njngak ishtamm olla mammooka..padam hit avatte..from an ettan fan
Positive,Movie kaboor ayerikkum ikka alle actor
Positive,Ikkaa fansinu hridhayathil sookshikkan.... Hatersinte annaakkil kodukkan... 2num pattiya item thanne aanu ith...
Positive,Katta waiting aanu makkale june 16th DERICK ABRAHAM entry
Positive,heavy mass
Positive,oru raksheille...mammooka love u...boom boom bgm
Positive,box office nte kaaryathil oru theerumaanamaaay
Positive,Mass enn paranja pora marana mass
Positive,supr ikka powli ..... padam supr arikkim urappaa.... ikka lve u ....
Positive,Woah!!kidu TrailerMammukkaaThis Eid z awesome
Positive,katta waiting ..from a katta ettan fan
Negative,E trailornu unlike adicha ella oolakalkum
Positive,malayalikalude rakthathil alinja peru...mamukaaa....ith polikkum..Mega Mass Movie from One and Only Megastar..
Positive,Ikkaa...  nigalu mass aanu...  pinnem pinnem irunna kanan thonnuvaa....
Positive,#JUNE 16  #KATTA #WAITING #DERICK ABRAHAM
Positive,Nt ikka ingalu verm ikka allatto ponnikkaya  #romanjified
Negative,Aanoruthan thokkum pidich irangiya neerali alla Avante appan vare padikkum...alla pinne..ikka fans hit like
Negative,Ith kerala kkaraye ilakki marikkan irangunna padam...Ini theatre poorapparamb aavunnath kanich tharam..nee kandathonnumalla kettoda..
Positive,Romaanja kanjuka kunjukamaay... The BOss Of MollYwooD....
Negative,Mohan Lal ayirunnenkil super ayene ..ithu chapli ayi poyi...
Positive,vandiyil vanu iragana scene oru reshayam illaa  bgm
Positive,trailer kanditu ithenkilum pwoliyillannu thonnunu..   nb:- njan oru katta #mohalal fan aanu
Positive,face kanikkathe mass kanikkanamengil ikkakke sadhikku
Positive,bgm kollam greater father ila villianila poola
Positive,Ninga polik ikka namma undu koode......alla pinne..
Negative,Ee dislike addikunnvarode .....onnum paryaanilla.....naldukandal aghikarikaan padikk
Positive,Ntikkaa ingal age 67 aano atho......off myaarakam...ummmaaah
Positive,Theaterukal origiko June 16 house full perumazayayirikum
Positive,Oo ikkkaa polichu enikk uraappaa 100cr ethavum maasssyaaa trailer oru raksyumillaaa ikkaa
Positive,Ithilum mikacha trailer swapnangalil mathram
Positive,Ikka ethu lookil vannalum polichadukkum
Negative,Pooran mamooty
Positive,Njn epo 100 vattam kandu ningalo?
Positive,ikka ningal enthina ingane njangale romanjam kollikane🤗
Positive,Ikkayude aaa varavu kandittu box office theernnanna thonnunne
Negative,Flop padam and copy sundars music itu orappayitum oola padama
Positive,Spr     ikkkkkaaaaaa
Positive,Oru raksha illa ikka marana mass
Positive,Heavy Waiting
Positive,naale release aakane patto veyya wait cheyyan
Positive,Haneef adeni  Ninakevdunna mone ijjathi kolakolly items kitenne Vere level
Positive,ee pulli great father inte grand father aaayi varum....kolakolli item
Positive,Padachooone....BGM..kett vaaa polich poyath njn mathram aaahno.?
Positive,Inganethe massinde koode aa mukhavum kanichal kidukkum
Positive,Ethu Pwolikum  Mammookha  BGM Verai level
Positive,Nanippa ethra vattayi ith kananath enta ikka mass kanikkan ikkana kayinnale Vera alollu
Positive,Supperb ikka pwolichuu..ikkaa swoth baaki ellaam myr
Positive,Eee eid ikka ang edutthu ennu paranjekk
Positive,Ikka   pwolikkum   bgm pwolichu
Positive,Enna.....or kidilan bgn aanu.. ith polikkum
Negative,Kuru pottikkan aarum varanda...ith vere level aan makkale
Positive,IKKA PWOLI BGM oru rakshayum illa
Positive,june 16nu Oru addar item varunnund  Derick Abraham
Positive,entammo english trailer kaanunna feel.. ith polikkum
Negative,Koora Trailer iyalkku ee pani nirthi pokkode
Positive,Trailer ennoke paranja ethanu ..ente ponn hari anna ethonn onn eduth kaanu
Positive,New 100cr malayalam move. Ikka massss
Positive,mass aaan ikka ninga vere level aan
Positive,bilalainu david nainanu undaya nalla kolakolli item
Positive,Adipoli ikka... Kolakolliaittam nnparanjappo ethrapradeekshichilla sooooper
Positive,Kiduveeee....kidilosky. .onnum parayanilla...adipwoli Hollywood touch...bgm ente ponnoooo...ikka fans vann pwolikkada
Positive,Malayala cinema record thkarkan varunuu athiradi mass movie abrhaminte santhathikal
Positive,Hollywood level mass ithanu makkale trailer
Positive,0:32 repeat mode.... Swag...mammookka... Vere level bgm....vere level trailer.... Fdfs....sure
Positive,Gopi annan  Namichu   Kidukkachi bgm  Kidukki
Positive,kidu  katta waiting    mamamookkaaaa
Positive,Asoooya thonua ikka...  Ikkka nigalu Maass aanu
Positive,Lalettan itra look il ee aduthengum kanditilla
Negative,Swondham appane kandal adikunnavanmara ithinoke dislike adikunne. Adichondu avide irikathe ullu. Ivide ettanm pillerum stronga dbl strong
Negative,Dislike adichu de grade cheyyamennathu mohamalla setanmare..vyamoham
Negative,Lucifer lostfer aavandirunna mathiyayirunnu .kandittu adutha floapinulla sakalathum kaanunnundu
Positive,Shooooo....9 manikku kaanan thodangiyadhaa....12:30 aayi....ethra vattam kandu ennadhinum kanakkilaa....nirthaan pattunilalo.....oru katta Mohanlal prithviraj aaradhakande rodhanam!!!!!
Positive,212k views
Positive,Ee role cheyan Lalettan mathrame pattu!
Negative,Dislike kunnamare olupundel poi kettithugi chavda pannikale
Negative,Dislike adichavarkk ente vaka naduviral namskaaram
Negative,within 3hrs- 212k views
Positive,Mr. Pritviraj ithaano simple cinema???? Ente romam ippozhum eneettu nilkkuva
Negative,ade maireada dislike adichirikkunde plastic fans ayirikkum
Negative,Nalla assal moonjjal thank you lola
Negative,Dislike adicha guhanolikalkk...നടു വിരൽ നമസ്കാരം
Positive,Rajayod thalkalam varendenn paranjek...Stephen kalippilanu.katta kalippil.oru rakshayumilla..polich ponnu
Positive,Addddiiiiipolliiiii.....marana masss.....oru sakshem illa....lalettande kidu look.....🤩🤩
Negative,20k dislike adichavan okke ethu guhayil irikkuvano entho
Positive,Ooh!! Mass ennoke paranjal para masss... Lalettan kiii
Negative,Ethine dislike adicha nainte makkal eatgaaa
Positive,lalettan rocks  thanks rajuetta  LUCIFER loading
Positive,Lalettan Masss Lalettan ki jaiii
Positive,Njan mathramano e trailer onnil adhikam thavana kandath
Positive,Lalettan ishttam.. Rajuettan ishttam!! Murali Gopi's script
Negative,Dislike adicha thayolikal etha vaaaa...ithu polorennam kandittu dislike adikkan thonniyallo
Positive,Rajuvettan mass ...lalettan kola mass  Ndhaa parayaa lleaa njan onnoode kandechum varaam....
Positive,Sreekumar avila prithiraj ennulla viswasam und .... So all best u guys
Positive,Entammo..... Kidu item. Oru rakshem illa.
Positive,Mohanlalinte ee film engilum hit aayal matiyaarinnu...maduthu odiyente kuttam keettu keetee... Kaata lalaetta fan adi like
Negative,Arenkilum poi aa  srreeeekumaarane onnu vilich kaanich kodukkedoo  entha  etha  cinemannu  .....&&&&@@@
Positive,Mass trailer... Lalettaaaaa oru rakshayumilla. Pwolichu... Lalettan muthaanu... Prithvi sarikum njettichu. Lalettan+prithvi=Lucifer(blockbuster )... Lalettan ishtam
Positive,mollywood industrik oru otta pere ullu MOHANLAL
Negative,Madhuramilatha raja ettadi mari ith item vereya LUCIFER
Positive,192K Views
Positive,Trailer pole naalla story undayal mathiyarinu
Positive,192k views and 196k likes masmarikam
Positive,Oru kgf trailer polee.. Lalettan pakkaa massss
Positive,Film hitayalum floppayalum trailerinirikate oru kuthirappavan
Positive,Oru rekshayum illa...kidilam kannu nananjupoyi
Positive,Kolakolli enoke paranjaa ithaanu.. Repeat mode ini on thanne aayirikkum...
Positive,lalettan Polichu adukki oru rakshyum Illaa
Positive,Kandittum kandittum mathiyavanilladoooo.... Endutta mothal ithu....  Devil rules  Stephen nedumballi rules  Ettan rulesssss 🤩
Positive,Trailer repeat kandukondirikkan thonnum.. LALETTAN.. ISHTAM
Negative,Daivam oroon kond varum... Ennit pottipoliyum... Verute collection kittan vendiii advertisement🤣🤣🤣🤣🤣🤣🤣🤣🤣🤣🤣🤣🤣🤣
Positive,Sathyathil abhinandanagal ariyikkendathu Prithvirajinanu. Thakarthu kalanjallo muthu
Negative,Sreekumara menone naari nee ithonnu kaanu
Positive,Marana mass kettitellu. Eppam kandu.  Prithi & lalettan combo polikuumm
Positive,Election time l kanan pattya film
Negative,Athu ___ Makkladaa ee jathi iteamsoka dislike cheyyunaaa.... Raju vs Lalu...
Negative,Dislike count kootan budhimuttuna chila aalukal
Positive,Onnum parayanilla pratheshakalkkapuram nammakku asvathikkan pattiya trailer  ethra pravisham kandittum mathiyaunnilla
Negative,Oru pandi padathinte trailer innu irangiyitundu...kandavar onnu parayane..avide ellaam thribilaa🤣🤣🤣
Negative,Nairmare vendannu paranja Kallamark kanich koduk ...Nairmarude karuth...lalettan and prithivi...tholpikkanam ee electinu....
Positive,As a mammokka fan trailer kidukki padam nalla oru vijayamayi theeratte
Positive,annaa njagal katta waiting aanu abudhabi dalma mallil... annanem pillarem kanan...
Positive,Adipowli trailor rajuvetta ettane powerful eyes ela seenillum
Positive,Star cast ile N F Varghese sir inne undayirunangile lalettanta kudey poliche adukiyene lucifer movieyile
Negative,Maduraraja 4hrs 96likes & 9k comments....Lucifer 2hrs 189likes & 12k comments...ettanodum pillerodum muttan varrale...mohanlalwood
Positive,King is oll ways king 🤙  ഏട്ടൻ ഇഷ്ട്ടം
Negative,Manju varrier mathrame ulluvo actresss ayi kollilla
Positive,Mammookka fight ohh romam ezhunetu nililkkum
Positive,Enthayalum Nov 21 nu thanne kananam
Positive,Veendum veendum kanunna ore oru trailer Mamangam
Positive,Ethra kandalum oru madukunilla ee trailer
Positive,Mamangam keralam kanda ettavum valliya hit akkum
Positive,Waiting  3pravashyam  kanum  releaseday
Positive,Mamangam ikka ithre vendu katta waiting
Positive,Entamooo  veendum veendum kanan thonanuuuu
Negative,Nalla oombiya trailer.. Mammootty kilavane kayaril ketti pokkunnathu kanan ente patti pokum...
Positive,Ippozhum #1 trending   Ikka enna summava
Positive,Ethra kandalum veendum kanan thonunna trailer.
Positive,Ee trailer Anu ippo most comments olla Malayalam trailer
Positive,ഇത് #Mega star ന്റെ #mega mamangam#
Positive,Unni mukundante courier maatan povunna movie aarikum mamankam
Positive,Mammootty enna name thanne mathi charithra cinimakal poyi kaanan
Positive,Kandittum kandittum  mathiyavunnilla  uff ijjathi item  #mamangam #mammookka
Positive,Indhrans fansinte ellaa aashamsakalum supportum!!! Pwolikku makkale!!!!!
Positive,Ethra vattam kandu ennu areela
Positive,Ethu puthu charitharam.
Positive,Ippol thanne ethra pravashyam Kandu ennu enikkariyilla
Positive,Ithu polulla padam ikkanekkonde abhinayichu kanikkan pattu
Positive,Oru divasasam oru 10 pravashyamenkilum kanum
Negative,To be very frank
Positive,#mammookka    aa peru m
Positive,immathiri item ellam abhrapaliyil kananamenkil innum ee arupathiyettukaran orungiyiranganamennathu enthoru virodhabhasamanu #proudofyou mammookka
Negative,Ithinum dislike adikkunnavar enth kanditta enne ariyilla..
Positive,mammookka uff ijjathy trailer..romanjam mathram !
Positive,ingeru karanam abhimanikkam oroo malayalikkum
Positive,mammookkaye ee traileril kandu njettattavar aarum undavilla !
Positive,malayala sinimakkoru puthiya charithram pirakkatte !
Positive,aadhyamayittanu oru nmalayala sinimayude trailer ithrayum dhivasam trendingil nilkkunnath !
Positive,Chandhuvineyum pazhashiyekalum mukalil nilkan pokunna oru muthal.. chandrothe ee vellyamamma..
Positive,Idivett trailer . Mammukka ennum njangalde swantham
Positive,veendum veendum kandu addict aayi poi
Positive,idum kuudi 37 aamathe repeat adi
Negative,Trailer undakiyarithi valare mosham ann. Ith kanumbol enik oru feelum vannilla.
Positive,Krithyamayi paranjal 30amathe thavana aan trailer kanunnath.
Positive,Onnum venda ....ikkade aaa sound ....oh enjadhi basss
Negative,Eatho Kure eannangal dislike... Anganeyum Kure eannangal
Positive,Katta Waiting ikka  Mamangam  Nov 21 FDFS
Positive,Pazhassiraja sharathkumar polichath pole mamankam unnimukundanum polichadukkatte.... Fit body yaar
Positive,Anu sithara & kaniha menon നായികമാർ........ Lovable...... and mammookka is always KING
Negative,theateril elaarkum moonjiya expression aannallo kandu kazhinju
Negative,Ithilum valiya verupikal padam swapnagalil mathram
Positive,Orru onnonara range padam aahntaa ee padam
Positive,Film oru raksha illa .... adipwoli
Positive,Padam mass verum mass alla kola mass
Negative,Ithupole mooonchiya Oru padam jeevithathil kanditillaaa.....
Positive,E padathinte making ushar aanenu thonunu..  Trailer kanditt padam kandathokem thallipoli aayirnu.  But trailer pwolichu
Positive,Kalakkan movie..... Fight & background music... Okke Vera level......
Positive,Ikka Arya prithi surajettan Puthiya payyanmaru Ahana Ellarum pwolichutta
Positive,Ettan fan aaanu but nallathu kandal nallathanu ennu thanne parayum.....ikka mass aaayittund ....ithu pwolikkum
Positive,Mammooka super nalla trailer prithviraj voice
Positive,Mammukka
Negative,Adutha flop
Negative,Angane 70 vayassulla vridhan schoolil ethiyo?
Positive,ooro secondum mmakkayude entrik vendi waiting aayirunnu
Positive,Uyante mone.......!!!!!! Ith eeeeth lookkaa mammootty ....... Vere level.....
Positive,Oh . Oru rakshem illa . Emmadiri item .
Positive,Terror bgm theater ilakki marikkunna item aanenn oru soochana iam waiting
Positive,mammookka oru rakshayum Illa kiddu
Positive,trailer powli aayi.cinemayum angane thanne aavum enn pratheekshikkunnu
Positive,Superb trailer from lalettan fan ....ikka polichu
Positive,Lalettan faanan but ee trailer kidukki tto
Positive,Ikka         L V  U
Negative,Enna njan oru kaaryam parayatte..ee padam pottum....odiyan avashtha aavum..mark my words
Positive,Arum angna kuttam parayatha oru trailer Nice #MAMMOOTTY !
Negative,Ithokkey kandittaanu iparthey pillaru schoolilum collegilum adiyum pidiyum vazhakkum ondakunnadhu
Positive,BGM kidukkiiiiiiiii makkale koode mammukka combi 🤩
Positive,Onnum parayanilla... ഒരു pidiyum kittunnilla... waiting for.... pathinettam പടി..... Rockkk Mammookka .
Positive,Ennum ee trailer kandavarr undo. Katta waiting
Positive,Njan karuthi padam mari postiyennu mammuka last vannappo samadanaayi
Negative,Dislike adichirikanadu lalappan tenddikalairikum kolani valangal fuuu
Positive,Kozhikode model school    innum   marikkaatha   vikaaramaanu   geevithathil...
Positive,Adipoli mass padam aarikkum. Ikkede alle padam
Positive,Variety cinemayude rajav  mammooseeee ikkaaaaaaa
Positive,Ee 2019 enna varsham Maamookkant thanne aan
Positive,Mamookante scene oo romancham a scene matram njan vindum vindum kanunu
Positive,Ettan fansinte katta support to ikka
Positive,Oru ADAR Trailer  Ikkante look polichu .
Positive,EMPURAANum ithum koodi orumichu release cheyyanam.... Pwoliyarikkum.
Positive,Super trailer  ikka enth look aahnn
Positive,Aa traileril Nakul Thampiye shradhichath njn maathram aano ???  Mammookka ingal muthaan.Kann edukaane pattunnillaa.... #Mammukka ishttam
Positive,mamooka enn uyir  enn anbu enn singamda enn muth mani... 300crore adikum
Positive,Powli ikka
Positive,Oru rakshem illa  Marana Mass
Positive,Masss katta waiting Ikka rajuettan fans
Positive,Raj ettan & mamooka ethu polikum
Positive,Ente ponnnoooooooooooo oru rekshsyum illaaaaaa....kidu trailer......
Positive,Oru rakshayum illa trailer pwolichi  padam maximum theatril thanne poi kanaan nokkum Mohanlal fan
Positive,Trailer ithanenkil padathinte kaaryam parayanundo padam koluthiyal bahubaliyude colectionkke pazhamkadha
Positive,pullikku 68 aano 18 aano outstanding body language
Positive,Nta ponnu ikkaaee manushyanu age onnum oru preshnavum alaa
Positive,Dileepettan fans vaka best of luck
Positive,Ikka fans like button adich pwolik ore oru naayakan
Positive,All Kerala lalettan fansite ellavida ashamsakkalum.
Positive,Sound  modulation  Indian cinimayil mammookka athu kayinje vere aarum varathullu..
Positive,Appo 21 kanum   Uff poli item
Positive,Mammookkayude sound oru rekshayum illa pwolii
Positive,13 minutes 94k viewers  ith polikkum
Positive,Ikka fan alla ennalum ith ikkade etavum valiya blockbuster avate Ennan agraham
Positive,Ikka fans mathramalla ettan fansum undu...Box officeeee Chaavaan thayyaraayikko ...Mamangam
Positive,Trailer kanunnathinumunpe aadyam dislike adichu. Trailer kand kazhinj like adichu. Kidu.. fdfs
Positive,Innevare kandattillatha vere level item .
Positive,Pwolii trailer action okke pakka...  Ikka fans🤩
Positive,ha samadanamayi vannallo eni agg mamanga maholsavam
Positive,MAMMUKKA FANS LIKE ADI Mammukka uff vere level
Positive,Onnum parayanilla onnu matram mammookkayaan ente  lahari..............
Positive,headset vechu kandunokk oru onnantharam kidilolski
Positive,Ikka Oru reskhem illatha trailer. Katta ikka fans . Like adich pwolik!!!
Positive,masss....  ikkaa
Positive,Etinum valiya surprise enni njngallu kittan ella
Positive,Mammooka ninghal mass aa pwoli item
Positive,Ijjathi item Mammookka ningalk vayass 68 thanneyano
Positive,onnum parayan Ila...mammokka polichu.... Thakarthuu.... 🤩🤩🤩🤩
Positive,Uff  Romanjam.... Marana  mass
Positive,Malayala cinema yude thalavara maattum e padam
Positive,Ufff  ejjathi nte ponn ikka. MAMMOOKKA UYIR
Positive,Onnil kooduthal like adikunna option undoooo
Positive,oru rakshayillaaaaaaaaaaa . mass nte extreme
Positive,Ikkauda oru Mikacha movie thannayairikkum ithu urappuu MA- angam
Positive,Aa sound keetitt romancham vannavar ethra perundd ivide..
Negative,369 dislike myrol ikka uyir haters myr
Positive,Ente ponnoo ejjathi  Ithu malayalathinte oreoru mamangam
Positive,Trailer ittapozhekku dislike vannu athinu Artham avar ikkye pedikkunuuu. Love u ikkka
Negative,Deslike adicha ella punnara makkalkum nanni
Positive,Superb & promising  trailer
Positive,Romanjam...  uff ikkaaaaa polich... 🥰
Negative,Myr guhan nnthuva  ee kattunnath🤣
Positive,Kidu trailer.  iniyulla Kali ikkayude pilleru nokkikolam triple strongode
Positive,Enatammo pwoli itemm marana mass trailer
Positive,Hvy iteam
Positive,Natmmooo. Oru raksemm teaser ulla problems oke ozhivaki
Positive,Unniyettan Polichuu.Unni Mukundan Fans Like Here
Positive,Oru poli polikum 21n ......pooram kanan chry abhinaya ......ang por
Positive,Ente ponno..... Heavy.... BGM... Ikka pinne parayanilla....2 looks kidilosky 🤩🤩 Overall kidukkachi aahn Mone...
Positive,Ekkkaaaaa .... Kaathirunath veruthe aayillaaa ... Heavy item .. Ekka fans hit the button ..
Positive,Ikkka romajam ikkka uyir poli ennni 21 kannnam
Positive,ഈശ്വര Comment idaan onnum kittinilallo FULL രോമാഞ്ചം
Positive,Ente ponno ah sound🥰🥰 poli poli🤘
Positive,Pwoli pwoli ee prayathilum enta amoooikkaaaa
Positive,ikka dlg delivery oru rakshayumilla ... love uuuhhhhh ikkaaaaa
Negative,Poojapura mohanan fans moonchi. ഇക്ക പൊളി
Positive,Uff ijjadi item romanjam ikka fans like adich polikk
Positive,Ijjathi...ente ponne...namichu ikka nigale...mamangam maha yudham
Positive,Adaaar adaaar adaaaar what a trailer it was damn
Positive,Kidilan trailer vere level
Positive,Entammoo... Serikum romancham. Lalettaaa
Negative,Dislike adikkunnna 12 k kundanmare poyi ooombikkolu adhey nadkkuuu nanamkettttav hijadagal
Positive,Just waiting lalettattan mass. Kolakolli item
Positive,Fastest 100k trailer laletta ingal poli
Positive,Entammoooooooo..enikku kanan vayyaye.....ente ettaaaaaaaaaaaaaaa...........onnum parayan thonnunilla.....njan sthabhichu poyiiii.........
Positive,Ambooo pwoli oru rekshem illa lalettaaa poliiii
Positive,Good Luck Prithviraj And Lalettaaa Pwlichekkane...
Positive,Lalettan polichu kidilam I am waiting  all lalettan fans
Negative,Ente ponno ijjathi Raya kandam vazhi oodi eetahhh
Negative,Nthu dislikes an... Ninnekondekke dislike cheyyane pattu...
Positive,Ufffff .... katta katta waiting ...   Goosebumps
Positive,Oru raksha illa oru adaar item  Marana Mass Ennu Paranjaal ithanu  Super Super Super
Positive,No words Pwolikkum waiting By DQ Fan
Positive,All the best laletta ithrem naalum kaliyiakiya naavu kondu parayuva all the BEST
Positive,Manju chechiiiiii n lalettan back again
Positive,Raju etta ningal pwoliya. + Lal etta ningal marana mass. Eth pwolikum. Vere level aanu
Positive,Lalettnje engne kanan agrahichu ath angne namnal kandu
Negative,Eee trailer kanditt dislike adichavan mareyokke sammathikkanam..
Positive,Spr item rajuettan nalla making Lalettante karyam parayandallo
Positive,Trailer ethu pola kanikana ayirunnu eni 28march vara weight cheyan avilla ....heavy mass
Positive,103k likes within 36 minutes Ufff pwoli lalettaaa...  Waiting #Mamookka_fan
Negative,Dislike adikkunnavar trailer kaanathe dislike adikkan mathram vannavar..
Positive,പൊളി ട്രെയ്‌ലർ ലാലേട്ടൻ & പൃഥ്വിരാജ് This deal is with the devil.... Pwoli.... Can't wait....
Positive,Orotta scene ullelum Tovino pwolich traileril.1000 likes nmmde muthinu
Negative,eda rithwik nine njan theriparjilaloo ennitt ninte samkkaram kanichuvale f fff .valarthu dhosham nint ppp
Positive,Fdfs kerunnavr adikk stephen nedumballikk like ..... ettan kolakolli mass.... with class
Positive,Lalettan annum innum ennum mollywood raja
Negative,Mohanlal n ee veruppikal  nirtikuude... Enth kaaanichalum   stuthi  paadan kure koonathile  pans.....
Positive,Lalettan Salam. Otha enna trailer uh. Last one minute is absolute Goosebumps. Mangalasery neelakandan Karthikeyan odanno Kali..
Positive,Njangada nattila shooting cheythe Prithviraj vere level
Positive,Oru 10 thavana kandu
Negative,Dis like adikkan kure myranmar vannolum
Positive,ഇവാൻ  spycho aaadaaa    Ente epono ijathi
Negative,Aarada dislike adikkane ethil entha kuzhappam
Positive,Mass uff no reksha ingale powliyaane lalettaaaaaa lb u
Positive,Lalettaaa sahikkunnillaa waiting for you.... Stephen.....
Positive,Kidillam... Lalettan maranna mass.....  prithvi... Direction... First time.. unbelievable...
Positive,Enth kondum madura rajayekal 100 madangu masss
Positive,LALETTAN VIKARAMALLA NAMMUDE AHAGARAMANE  LOVE YOU LALETTA
Positive,Classum massum cherna oru onnonnara item
Positive,Super  bb.  Lalettaaaa
Negative,Kore thendikal unlike edand stop cheyyuka
Positive,Poli poli LUCIFER.....1ST DAY 1ST SHOW
Negative,Ith dislike cheytha 12k aalkar aaranenu parayandallo
Negative,Ithu dislike adichavar ikka fans mathramayirikum ennathan
Positive,Polichu  Pakka Oru Telugu Thriller Movie Pole Und.. Enthayalum Lucifer Theater Polichadukkam...
Positive,Onnum parayanilla enna parayana lalettane enik vayya
Positive,entaponno njettichu pratheekshichathilum appuram   rajakku pattia athirali thanne. trailerinte 2nd half kodoora maaaaaaassssss.
Positive,Etttaaaaaaaaaaa🤗🤗🤗🤗🤗🤗... U R the real ahangaram 4 ouR mollywooood
Positive,oh my god this is superbbbbb
Positive,Trailer mass marana mass... Ini screen il... Padam kanan njnm undkum
Positive,Ntey mashey...... Sammadikoollalley ikka fan akann......
Positive,Ee Easter um Vishum njangal angu eduthu..
Positive,E oru trailarinu vendiyanu njan kathirunnathu powliyanu... Kiduvanu... katta massanu....
Positive,Ende ammo aa mundu madakki vechulla aa chavitt !!! . laletta.
Positive,Ithu njangal polichadukkum. Love you latetta.....
Positive,Ufff.. Ejjathi item mone   Vakkukal varunila ..etta.
Negative,Raja massinte appanayittu varum eee stephente mass.
Negative,Enthu kandita dislike adikune Mamooka fans. Mohanlal haters step back Lucifer is comeing
Positive,Oru thavana kanumbozhum hype kooduvanallo Bhaghavane
Negative,Dislike myrolikalk ulla kandam Madhurayil orukkiyittund enn parayan paranju....
Negative,njan parayunnu eetavum valiya big flop aayirikkum
Positive,Ikka fan aanne  Ennalum parayuva kolakolli item
Positive,Nte ponno ...Maranamass trailor....Laletta it polichadukkum
Positive,Mass +class = #lalettan Nalla katta kidu look...
Positive,Katta vishayam oru rekshem illa etta fdfs
Positive,ente ponnu lalettaa after narasimham  ithaanu padam!
Positive,No words to say katta pwoli van mass
Positive,Mass Ennu paranjaal patoolla kola mass aanu Lalettan and Prithi
Positive,Sreelumaram kandu padilli aampillaru cinemayedukkunnathu engane ennu
Positive,E mohanlal and pdithvi  veendum kothippikkuanello
Positive,Trailer adipoli anne paranjal pora vere levala
Positive,Ithu hit..!!! Super hit...!!! Prithvi Raj
Negative,Kurre  Ekka Duranthangla Unlike Thudangitt indalla
Negative,Dislike adikan vanna haters ithe ningak patiya area alla ninteyoke rayaye kandam vazhi oodicha trailer aaan @£ucifer#loading
Negative,Unlike itta ororutharkum Ulla adiyakatte ivde idunna like nu
Positive,Haters noke kurachu kanjii edukatte..  Pakkaa mass
Negative,Madhura raja kurach adikam viyarkum ... Thayoli fans inu dislike adikane pattu...
Positive,Madhraraja  ith ikkem ikkade pillerum pwolichadakkum
Positive,Ee item vech nammal nammade pracharanam thakarkkum..
Positive,Enthenne aayalum oru rakshayumilla kidukki mass
Positive,Ee cinima kannan athin oru name mathii .........S......... sunny
Positive,dislike adikkan vannavar polum like adich madangya item🤑
Positive,Pwoli..... ethu vere level..... Raja returns......ikka da
Negative,Ha.. Ha..  Ha...  Anghane adhum hudaaa huva
Positive,Appo lucifer  theernnu.lalettaa varunnathu RAAJAyaanu MEGA star MAMMOOTTYude MADHURARAAJA
Positive,Poli oru rakshayum illa pakka hvy  Ithu blockbuster adikum ikka marana mass aane
Negative,Dislike അടിച്ചു കുരു pottikkunnavarkk kurupottalaathi kodukkapedum    തള്ള് മൂപ്പൻ
Positive,10 timesil kooduthal kanndavar ivde like adii🤩 RAJA Return
Positive,1:39 .... bhaaki ullarakh ath punch...njangal wwe fansin ath superman punch!!!
Positive,Adar Trailer ......summer mass entertainer thanne aayirikum enn pratheekshikunnu......
Positive,Amboo polichuu ikkaa pwolikum film
Positive,What a Trailerori raksha illa   1;40 punch uff  mammukkaaa aaaaaaaaaa
Positive,Last aa chaadiyulla adi...   Athu screenil varumbolulla kaaryam
Positive,Trailer 15am pravashyam repeat adich kandita njn eii cmt box il vabnath Ikka pwolichuuu
Positive,Ammo Porichu.... Ithu kidilan
Negative,7.3k dislike adichavanmaarod onne parayanollu......  OMKV
Positive,Poli ee movie oru charithram aaagum
Positive,Super waiting Ikka fans like idh Madhura Raja daaaa
Positive,Heavy
Positive,Best wishes from a ചെകുത്താന്റെ fan..
Positive,Late ayalum latest aayee ikka varuu
Positive,Eattan fanzz koode ind...ninga polikk ikkkaaaa
Positive,Ithokke like adichillel
Positive,entha ....pariya      ikka polochu
Positive,Eppozhum eee manushyanu  filiminodulla passion kanumbol ann hooo hats off mammukkka
Positive,Avasanam oru superman puchu ude  mamukka powlikum  kude madura rajayum
Negative,Ennalum ente Idivettu suguna ninne ithilu kandillalo
Positive,Ithrayum pratheekshichillaaa. Ikkayude pilleru tripple allaa 100 madangu strong aahhh
Negative,6.7k dislikes adichaa ooolanmarellam angott maaarininnnu mongikko
Positive,Ithoru powli powlikkum ikka marana mass.
Negative,Dislike adikaan orupaad lalappan fan vannittund paavangal hahahahah
Positive,Ithu verum oru samble vedikkettu.iniyaanu podipaaranapooram.appo churikki paranjaal vishu RAAJAyum RAAJAyude pillerum angukondupokum alla KONDUPOYI
Negative,ethanoo trailer kandapalla enta ammoo bhodam poyi padam moonjiyaa
Positive,eee prayathilum ennaaa look ekka keee
Positive,Entammmooo Ejjathi trailer kandalum kandalum Mathi varatha trailer
Positive,Last superman punch pwolich. Ejjathi item mamookka kidukki
Positive,Raja returnssss makkale....ithu marana mass padamaayirikkum
Positive,Oru Adaaar Item  Ikka pwolikkum Marana Maaasssssss
Positive,Teaser double strong ayappo trailer sarikkum triblestring ayi....
Negative,YouTube logic 66k likes + 6.3k dislikes = 16k views.. myr
Positive,YouTube haag aayi makkala all the best mommookka from rajuaattan  (suryaya) fans.
Positive,Ettan fansinte vaka irikatte oru kuthirapavan ikka muthanu
Positive,Katta waiting madura raja mammokka kidu mass
Positive,14 minute  65 k like  Ith polikkum
Positive,Onnil kooduthal trailer kandavar undengi ibide comeon....
Positive,Trailer kidukki  By a lalettan fan
Negative,Raaja lucifer oru day irangiyirunnel lucifer moonjiyene......
Positive,Ikkaye big screenil kaaanaaan katta waiting... Ikka anbe
Negative,Idi vettu sugunan illatathu valare moshamayi poyi...
Positive,Trailer kidukkiiii....Lalettante Lucifer pole mammookkayude Madhurarajayum kathikkayaraan e lalettan faninte vaka prarthana undavum
Positive,mammukka fanzz  ividea vannu like Adikkdaa
Positive,Immathiri mass  Last aa chadi idi super Ethu polikkum  Ikka um pillareum triple  Strong aaa
Positive,Pokkiraja pole full masa entertainment allann thonunnu..nallaru storyum ullath pole 🥰
Positive,Kidukachi trailer ....e prayathilum enna orithaa....
Positive,Superb oru rakshyilla.... polli trailer
Positive,Raja varunnu Maniyayi.  Rajamani
Positive,Pwolikum muthee Unda EID MUBARAK تقبل الله منا ومنكم صالح الاعمال عيد مبــــــــــــــــــــارك   IKKA FANS LIKE ADICH POTTIKK
Positive,Mammookka de adutha 100 kodi padam aayirikkum #UNDA ennu urapp ullavar like adikkada pillere...
Negative,Coppy ful Best actor polinhju kuthupala Edukkum
Negative,Myru ennu relese ayit show polum nadathit ila  aalilanjit ikkane arkum vende
Positive,Appo engane pullaare... Pwolikuvalle
Positive,Eee പടം adhar ayirikum enthoke suspense ഒളിഞ്ഞു irikunu
Positive,Ithu 100 core klubil kerumennu urappullavar like adilk
Positive,Undakku shesham mammookayude adutha natural movie
Positive,waiting  ganagandharvan mamankom sherlock bilal  enik vayya.... mass ka baapp
Positive,Best actor pole mattoru kidu  movie  akate ee best singer..
Positive,Triller Kandal ariyam  Padam sooperhit aanu enn
Positive,Adipoli teaser onnu parayan illa
Positive,Njan Ettan fana ennaalum paraya e padam polikkum
Positive,Katta wtng... !!! The Himalayan kwid  Mamoomkkaa
Positive,Ullaaseetta parupaadi okke gambeeram aakattae keettooo...🤗
Positive,Cinemayil Nalla oru content undd ennu manasilayi E padam hit aakum
Positive,Cinemakal koodumthorum age kuranju varuvanalloo.. Kidu look..  HBD IKKA
Positive,Ufff poli  chekkan kidukki  Hbd ikka
Negative,Ikkakk..valla  mass padavum cheythude....ithorumaathiri senti...cop
Negative,Sohan seenulal ne kandathode mood poyi
Positive,0:15 sec..... Ho... Romanchification... Ikka pattu padi thimirkkum...
Positive,Karayippikuvo muthe... Happy bday ikka.... Waitg
Positive,Best Actor
Positive,Ertti madhuram on ikku's bday..god bless ma ikkuhappywala bday ikku
Positive,Rameshettante manoharamaya directionil oru athi manoharamaya oru filim aayirikum gaanagandharvanurappund
Positive,Trailor kandaal thanne ariyaam padam thamarthum
Negative,Nalla adipoli trailer Adutha Undayum 18am padiyum Peranpum Yathrayum pole flop urappanu
Positive,പടം പൊളിക്കും HBD mammokka       By Die hard ettan fan
Positive,Ramesh ettante first padam oru feel good movie aayirunnu ethum angane aakum enn karuthunnu
Positive,Ottavakkil paranjal oru Pavam Padam.... But powerful
Positive,Malayala cinemayude idhihasam mammookka happy birthday Mammookka
Positive,Malaya cinema abhimanikkunnu ingane oru nadane kittyathil.....Wish u a very swt & hpy bthday mammooka 🥡🥡
Positive,Ithupole ishtappettittilla mattorale en Happy birthday pinnokka
Positive,Happy birthday mammukka  gana gandharvan polichadukkum next block bluster
Positive,Lalettan ki jaiiiii..king of box office
Positive,Ente ammoo. Ith polichuu.. Raajuvetta all de best.
Positive,Ente ponno pwoli super raju etta lalettan
Positive,Maranamass trailer.....orupaad ishtamaayi.....Lalettan Prithvi combo pwolichadakkum....
Positive,adipoli ayitu undu....... nalla making ennu thonunu kanditu...... good luck to the team.
Positive,Poli.      L
Positive,Maranamass trailer  Ettan powlichu Supper kidukki  Love you laletta
Positive,Njanum oru ikka fan ann  Pashe sambavam polichu
Positive,Lvl trailer Raju etta polich Odiyan ondakkiya chethapperu marum enn urappayi Good work
Positive,Romanjification  level !!   Uff  Lalettan & Prithvi !  Mass
Positive,Njan ഇക്ക fan aanu
Positive,Kidu trailer
Positive,Adipwoliii Lalettaaa
Positive,Rajetta ithreyum pratheekshchillaa.... kidu feel... romaanjam. Ithu pwolikkum
Positive,Kidilam trailer   from a edikatta Mammokka fan
Positive,Adaaar item   Lalettan and Prithuvi.
Positive,Padam hit laleetan fans like adi
Positive,Trailer  oru rakshem illa polich aduki
Positive,Ithu  super number hit  akum
Positive,kalakki Kalakki. Onnum parayan illa
Positive,Onnum parayan illa laletta u trigger again ...
Positive,Padam hit laleetan fans like adi
Positive,Kidukkachi  laletta ningal mass alla kolamassanu
Positive,Ee aduthu Kanda ettavum MIKACHA trailer ithinu dislike adichavar mandanmaarairikkam
Positive,Nte. Ammmmoooooo ..Heavy ....dislike chathavarkku sthuthiyayirikkatte......ethrayum dislike.......one name mohanlal......
Positive,Thirakk koranjittu padathinu pokam ennanu vicharichath. But trailer kandath muthal FDFS sure
Positive,1:56 Ee seen kand romancham vannavar  adichek
Positive,LuCIfeR        polichu poli
Negative,Eth vetavalliyanmara dislike adiche..
Negative,Mammunikal kuthiyirunn Dislike adikunund🤣🤣bloody patti theetams
Positive,Ithu Kolakolli item Lalettan fans kathirunna padam Ith thakarkkum Lalettan fansnu aakosham mmakk pwopichadkkam
Positive,Lalettan powlich..   love you laletta
Positive,Romanjification....!!!! Lalettan Masssssssss...!!!! Manju chechi Vere Level !!!
Positive,Ithanu.. Makkale nammal kanan aagrahicha ettan
Positive,DIRECTION IS REALLY HEAVY...... SEEMS LIKE MORE INTERESTING SCENES AND MUCH EAGERNESS WAITING ABOUT........... ALL IN ALL KIDU............. ROMANJAM............
Positive,lalettan annum innum kolla mass  ejjathi feel
Positive,Adipoly . Rocking enik eshtamaayi . Adipoly . Rock on
Positive,Odiyante sheenam njnga lalettante piller ee luciferil ang theerkum....
Positive,Laletante padam aaayathukondalla
Positive,Chirstiyanikalude...edayil avante.  Peru.... LUCIFER .' . . AdipowLi...diaLog....🥰🥰    🤩🤩
Negative,dislike adichavanokkkae onnu poi potty karanjukoodae...
Negative,Dislike adikan vendi mathram trailer kanunna kure vanangalu
Positive,Ore daivam... pakshe marannamila.....lalettan... Eshtam...... Stephen
Negative,Dislike adikkan vendi Kure Peru keranindalla
Negative,dislike adicha 9.5 k dislikeolikalkkulla adi kodukkanulla nool
Negative,Kure paavangal pedichu virachukond dislike adichondirikuva ullil bhayam und nallonam.. ettante varavine bhayakunnavarde ennam koodunu..
Negative,Entharanjittadoo okke unilke cheyyanee.......naanamketta paripaadi....kashtapettu cinima edutha ....athulim koreee ennam und ....vivaadhavum kond irangikolum
Positive,Kidilan trailer... All da best lalettan.  By a Mammukka fan...
Positive,E Padam Hit avunnu e Trailer kandittu thonnunna #LalettanFans Hit #LIKE #SpikerzTraveller
Positive,laletta oru raksha illaa all over super annu.. thanks to prithvi
Positive,Trailer igananekiiii padam eganarikumennn onnalochich nokiyyeeee Romanchammm varunnnuuu Maranamass ettan
Negative,dislike adicha verum 10k   m@.nmar  aarde fans aanenn parayandellooo
Positive,Adaaa mwoneeee inganeee oru trailer kanda kaalam marannu......  Fdfs for sure
Positive,lalettante mass kanam vannavar mathram  adiikku  like#latettan poli
Negative,Dislike cheyyan kore ennam irangiyittund...
Positive,Oru thavanayil kooduthal like adikkan pattuo
Positive,Trailer oru rakshayum illa 3 vattam kandu  Not the point aarudeyum fan alla
Positive,Ithu kollaam....  expectation onnukoodi koodi...
Positive,Entee ponn ettaaa..... 1:50 ullayaa ah dialogue oru rekshayum illaaa.....  VAAA DA.....
Positive,Lalettaaa vere lvl  mass waiting
Positive,Cheriya pulli alla avan padicha kalana...  Mass marana mass
Negative,Dislike button adich kalikunaa tmzod pucham matram
Negative,Ethreyum nalla oru creativity ku dislike cheyunnavarodu oru load pucham
Positive,@02:19 Ee scene theatril polikkum .... Lalettta :):>3
Negative,Ithinu apurath oru trailer illa
Positive,What a trailer. Amazing  ഇത് കലക്കും.
Positive,compelete mass making oru rakshayumilla.  Raju ettan mass vimarshichavare vayi adappicha shilamea ollu raju ettanu
Positive,Directed by Prithviraj Sukumaran  idhu pwolikkum
Positive,Ikka fan aaya Nikku nalla urappundu
Positive,Laletttaaaa heavy padam industrial hit definite
Positive,Havy havy super super kidu kidu 🤘🤘
Positive,Oru rekshamilla makkalee...... Varunnath oru onnonnara varava..  This deal is with a Devil
Positive,Annyayam not only a single mass political drama
Positive,Keri vada makkale edh double strongum tripple strongm alla adhukum mele
Positive,Ente ponno  no raksha
Negative,Trailer kand kuru potti olich ippozhe degrading thodangi entha avastha ikka fans ichiri ulupp
Negative,Dislike adikunna mammunikale
Positive,Njan athyam ayittanuu oru moviee dee trailer live aayitte kaanunneeelalettaan Mass aaneee
Negative,Dislike adichavanmar madhura rajayude karyam onnu orthu vechoo
Negative,Dislike pooranmar neeti oru oombu vecho
Positive,Heavy trailer
Positive,Vere level love you laletta... 🤩
Positive,Trailer marana Mass...Lalettante heavy role. # Raju ettan Poli anu.# pooram eni Big screenil# political Thriller#
Positive,Onnum parayaanilla Kanda Eee hangover aadhyam onn maaratte
Positive,Appol  summer vacation lucifer kondu pokum
Positive,Oru rakshayum illa....ithokke kanumpol aanu mattu chilath okke eduth kinattil idan thonnunnath.....
Negative,Video kandutheran samayam aayilla athinu munne malaranmar dislike adikan thudangi
Positive,Vishu stephen kondupoyinn parayan paranju ejjathi pwoli
Positive,Ettanu njngal vijay fansinde vaka vijayashamsakal
Positive,Lallettaaaa pwlichu maranna massss triller .you are the only king in mollywood  Triller ishttapettavar like aaddikkaddaaa
Positive,Entta ponnu laletta.... Parayan vakkukal illa  Mass ka bapp
Positive,kand kili poyavar adi like what a editing
Positive,Lalettaaa pwolich..... Ntammow Katta waiting..... Lalettaaaaaaaaa
Positive,Oru rakshem illa.... Lalettan chumma angu polichu..
Positive,Poli ploi nte ponno romanjam
Positive,polimass item.. heavy mass... Lalettan
Positive,Rajave.  idhu nammal polikum ...inga avide ninno
Positive,Ithine okke anu trailer ennu parayunnathu
Positive,Gambeeeeeeeeeeram.
Positive,Ithu 100cr ennu parayunnavar like adiku
Positive,Rajuvetta katta waiting for Lucifer
Positive,Annnnnnooii oru rakshem ella pwoliiiiiino words
Positive,Ente prthvirajee kettipidich oru ummma thannaoteee chakkarereeee
Positive,Vallatha jathi trailer onnum pidikittiyilla prithivi brilliance
Positive,Oh enthoot kidu trailer laletta.. kidu mass!!! Love u.. and welldone Prithviraj!
Positive,Lal ettan fans evide adik likeadutha hit loading aann makkale
Positive,Enteh laletta eth trailer aanu uff
Positive,Njan mammoty fan Ann pakshe enikk ishtapettu
Positive,Trailer ennokke paranjal ithanu... ejjatji item
Positive,first coment ..laletta love u...Raju Chetta love u....
Positive,Aa kannukal mathram mathi a character depth mansilkan laletta.....
Negative,Ingalk keralathil ivane allathe areyum kitteele abinayipikan kitteele
Positive,Lalettante katta fan aanu njan all the best laletta
Positive,Youtube hang avan ready ayiko L
Negative,Trailerinu munb 7k dislike adichavanmarku ulupundoda
Positive,Dislike adikkunnavan mar kandoooo Lalettan puthiya adar item................
Negative,Video edathe dislike adikkan nanam illeaaaa ninkokkeee
Negative,Enthuaadeee uploaded cheyunnathinu mump 6k dislike 🤦🤦🤦🤦🤦 ivanmarkku okke entha presnam
Negative,Video erangunathinu munbe dislike adichavanmar nannayi varanne ente luciferree
Positive,5 minute kond youtube hang avum
Positive,Licifer vannna ennenthe pooram vanu.....madhuraraja 6 manik thanne poyi......but l is loading...coming....minutes left
Negative,6.1k mamunni fans ithe kandu ennu aa dislike button kandapol manasilayi
Positive,Madhuraraj teaser kidu Lucifer kandittu venam feedback tharannnnn vegam kothupikkathe iduvvo
Positive,Ithoru onnonnara ITEM avumenn urappullavar LIKE ADI ലാലേട്ടൻ
Negative,6k dislikes.. Guhan fans Karanju Mezhukal aanallo
Negative,Onnpodaaa challenge inne undo 1 hour 50 k likes annn  madhara rajj kalikann venda
Positive,Puram thudangan eni minutugal mathram bhakki
Negative,Madhuraraja teasor kandu nalla katta bore ayittu undu. Mammukka ethavana yum Vishnu Unnikrishnan tae boxoffice records vettikkum ennu thonunilla.
Negative,Official trailer release aakunnathinu mumbe dislike adikkan kure mammunni fans oolakal..
Positive,Odiyanil poya pratheeksha luciferin thannekkua ....Etta....minnichekkane .
Positive,Lalettan illatha eanth sinima le makkale kodk like
Positive,Trailernu katta wait cheythirikkunna ethra aalundu ivide
Positive,sukurthukkale enikk oru karyave parayanollu dis like adichum aavishyam illatha troll paranjum veruppikkalle nammade swathalle lalettan nammal malayalikalude abhimanamalle
Negative,Enthaayalum haters nu rosham theerkkan oru dislike button indayath nannayi..keedangal
Negative,Trailer erangiyilla adhinu munpe pedich thoori dislike adikunna mammunnyolikal
Negative,Kanum munpe dislike adicha aa mahanmarude manasu aarum kanathe pokaruthu
Negative,Haters dislike ... Paavo ithrakkum pediyaano oru padavam verunne... Kaishttam haters🤣
Positive,Nenjinakath Lalettan Nenjuvirich kond parayum numma oru lalettan fan anenn _______________katta waiting
Positive,Oru janathayude nayakan megastar ammmukka in&as hollywood level movie
Negative,Guys unlike cheyyunavar Mr.Pandit fans aanue..deshyam pidichit karyamilla..
Positive,Ente  ponnu annaa oru rekshayum ellaaa....katta waiting...
Positive,Enne arelum ivdnnu koottikkondu pokaamo...repeat mode on more than 25 times...kidu bgm
Positive,Trailer kidukki..film ith pole nannaya mathiyarnnu.
Positive,BGM     Ikka pwolikk.....
Positive,heavy ennu paranja pora.. athukkum mele...
Positive,Gopiyanna bgm oru rakshayum illa Marana bgm
Negative,Ithano trailer oru dialogue polum illa ekkaude. Ullath kurach perum oru vettum
Positive,Athiradi mass aaan ippol thonuva chilarude realease onnum mattandayirunnu enn oru olathin
Positive,polichu kidu bgm suspense niracha kidilan trailer
Positive,Ithoru onn onnara item thanne  Love u mammoookaaa
Negative,Jacket..Cooling glass...Car...Slow motion...Pazhaya bomb katha tanne....Hahahaha ..Eyalku madukille ethonnum...
Positive,Ethu polikum njanumanta family realsinta annu thana pokum
Positive,mammookka swantham cinimakalkk pratheeksha nalkarilla but abrahamin nalki
Positive,Idvere vere chilar parannadaaannn muruga nee theernnada ennn ..ini nangal mammookka fans sherikkum parayunnnu .....MURUGAAA ....NEE THEERNNADA .IKKA LOVE
Positive,Mass trailer kidu bgm ikka thakarthu.
Positive,Mamookade kore naalathe flopkalk shesham oru predeeksha ulla chithram  Ith pwolikkum #haneesadeni
Positive,Kalakki ithu box ofice aaghosham aayirikkum
Positive,Mollywood stylish aavanmenkil namude ikka tanne varanam      mega star
Positive,Ente ponnu mammoooka mass item veendum..bgm aanegil onnum choikandaa porichu
Positive,Pinnne Bgm adipoli ikkayude nadatham koodi aavumbo parayandallo
Positive,Oru kidilam bgmum songsum malayalathil kelkkanam gopi chettan sadakuzhanju ezhunelkkanam
Positive,Njan Oru lalettan fan aaanu...... Ithu Oru rakshayum illa mammoka heavy masss
Positive,Ntammo polichu..oru rakshayum illa...from lalettan fan...
Positive,Yaa mone Holywood getup kaathirunnath verthe aayillah bgm marana maass
Positive,Ente ponnoooo oru rakshem illaaaa... Ikkaaaaa pwolichuuuuu
Positive,Malayalam movie ano eth ?  Oru rakshayum illa ?
Negative,real fansinu kuru potti tudangi 1.4k dislikes
Positive,ijjadhi kola mass trailer
Positive,Mass nnu paranjaa ikkayaanu.. MASTER of MASSES.. Adaar trailer.. Mammookkaaa
Positive,Pwolli item Mammukka Bgm Uff No words Katta waiting
Positive,Katta katta katta katta waiting....cant wait man
Negative,cia   bgm  tch   undalllo  copy  etttaa
Positive,ഇക്ക മാസ്സല്ല മരണമാസ്സാ ...   Abrahaminte Santhathikal Kidu Status Video     Max
Positive,Bigbyl Great fathern undaya yamandan item... ith Vaarum kodikal
Positive,Kidukkaaachi trailer machoooo ...  Katta waitingggg
Negative,Njan oru Lalettan Fana Ennalum Enikk Teaser Ishtappettilla
Negative,Aa 1.3K dislike adicha naarikal aaranne ivdareyem PARANJE padippikanda kaaryamillallo le?
Negative,Enthonnedey # nalla padathinu arayalum support kodukkuka # dislike koduthittu #orale padam mathramalla athil pravarthichavarude kashtapadum viyarppumanu# so support
Positive,Ejjati item ##Derick ikka katta waitingz ##Bgm 100%##
Positive,Padam polikkum. Ikka marana mass
Negative,Varav kandit padam 8 nilayil pottunna thonnane
Positive,Otta peru MAMMOOTY  എജ്ജാതി bgm kodoora mass Apo eidum abrahaamin
Positive,Trailer Valare ishtai
Negative,Dislike tarunavanmarku enthe naduviral  namaskaram
Positive,Ithu kandittu eganna unlike addikan thothuthooo avoo🤔
Negative,Unlike cheyyunnavark ennte ഹാർദ്ദവമായ നടുവിരൽ namaskaaaaaaram
Positive,Entamme kidu.... entha ingerde style... aarum kannuvekkathirikkaan oru vazhipadu nerneru
Negative,Asooyamootha laalunnikal kuthiyirunnu dislike adikkunnu .poy chaavinadaa
Positive,Eante ponnooo romanjam vannu poeonnum parayanilla
Positive,oru rakshayum illlla. orappicho muruga ninte mukalilekkk oru asuravithinte idivettu entry kathninnooo 100 crore club  adichaaaaaach
Positive,Support from ettan fan.... Ikka mwth aanu ....
Positive,Kalakkan kidu marana mass mammukka pwolikyum
Positive,hoo kolamass item thannee...bgm oru rakshayumillaa
Positive,trailer kanndal arinjoode e padam  puliyakum ennu
Positive,mammookka  ennum mega star thanne
Positive,BGM pwolich gopy sir .....ikka Katta waiting
Positive,ennum eppozhum...... ikka ore pole..... double strong
Negative,evannkk onnum vere pani ille poyy pani nokk ikka
Positive,ambo ikka kidu enta ponno hvy bgm gopi chetta kidu love you ikka
Positive,Bhagavane  Ikka maranamass  Bgm
Positive,Njan Mohanlal fan aanenkilum....... Ikka Namichu
Positive,EyyaLu Nthu Manushana Oru Rakshayum Ella Kidu
Positive,polichu makkaleeeeeee...........    thanks ikka
Negative,1k dislikes Ella dislike pannikalkum endhe naduviral namskaram
Positive,Oro thavana kanumbozhum romanjam ikkaaaaa
Positive,Kidukkii mammukaaa kidukii odukathe mass bgm
Positive,Katta lallettan fana..ennalum trailer Kollam variety ayitund.nice bgm....
Negative,nirthathan samayamaii mammmokkka  prayam kurey ayyi
Positive,Oru BIGB  feel....  ..aiivaaaaa.  Pwolichuu
Positive,Kidu trailer mammukka ithil 100 kodi urappu anu #justus143
Positive,Ennthayalum Raja oru van vijayamakatteya. Ikkayudey athiya 150 kodi chitharam
Positive,Raja trailer nu oru pulimurugan touch.. #goosebumps
Positive,Last one punch superman punch  madura raja special
Negative,Idu ettu nilayil pottum....mommoty vannu thalli marikkum endammo chali
Negative,Thelunku nadan ..bhaala krishnayeyum... Thal nadan vijaya kaandhineyum ..naanipichu...mammuunny...
Positive,trailer pwolichu.mammukka kalaki but bgm kurachukudi adipwoli akarnnu
Positive,Sunny Chachi kananan vanndi trailer 10 thavana kanda njan-x🤤
Negative,Dislike full odiyan kanji fans
Positive,Lastilathe punch kaanan mathram veendum vannavarundel chummathonnu njekkiyechum poike
Negative,Yedaaa Mamooty mayirae....'Lucifer' Mass'u ninaku orukilum kittaadhu thendi..
Positive,Adi poli ini relees aayal mathi
Positive,adiyeda adi       namma rasa vandhitten   raja pokkiri raja
Negative,sanni chechiye konddu vannelengilum mammuckayude eaa padam kanan  ellarum kerumennayirickum malayaliyude oru gethikede
Positive,Njan mathram aano sunny chechiyee kaanan vannath  Sunny chechi uyir
Negative,Kanda pandikal motham undallo...koottathil loka pandi  jaiyum
Negative,Hacking likes um Views um koottan nokiyitt moonjipoya mammootti fans evdede.. Oru Maryadhayoke Vendedey
Negative,Itha pattacharayam pidikan varunnu.. Avan Madhura raja.. pazheya Gund kadha thanne scene mariyapol inganoke ayi
Positive,Ith oru varavaan manass ippolum balyamaan ikkaaa ningal poliyaan
Negative,Dislike cheytha ellaa poorimakkalkum naduviral namaskaram
Positive,Last 8 sec ufff injaathi ikka ingal poliyatta
Positive,Katta waiting..... Maamokkaaaa.... Lalettan fanaanellumm..... Mammokkayeyum ishtaaaannnuuu..... Luv u mammookkaa
Negative,Eee padam ettu nilayil moonchum
Negative,Trending list le polum ella ....
Negative,Yethanu trailer trendigil varaathath vaishaketta nigal kaanunille
Negative,Ethakayo pundakal e myre eragiyal Lucifer trailer  kadathum enokke paraniju enitte enthayi obiyille latettane thopikan avilla mammu
Negative,Dislike um kurayunnu..23k ninnu 13k aayi...appo ee chettatharam kanichathu aaru ennu parayendelloo
Negative,Trailer pora..Oru pathu kollam mumbulla tamil cinemade trailer polund
Negative,Padam poliyum ennu urappayi. Rajadhi Raja enna thara padam pole.
Positive,Ikkada adutha 100kodi ikka marana Mass
Positive,ikkaaa vere leval anuu ....  i m waitingg for madhura raja
Positive,Pulimuruganile pole Climax il nala kidukachi fight und en urapa.
Positive,Peranbinu shesham raja 2 diffrence character mamookaada ഇതാടാ നടൻ ഇതവണമട  നടൻ  mamooka
Negative,Ethu pulimuruganaano  Ha ha ha .....
Positive,Mammooka Mass  gopi  sunder kidu  bgm
Positive,Vyshaketta... Oru prayam aya manushyane vacha ningal Troy model idi cheyikunne... Ningalode angeru chodikum... Just kidding.. Item mass
Positive,I lik both lalettan and ikka  madhuraja kollam gud ishtyi trailer but lucifer vere level tanne anu
Negative,Report adikkunna lallunnikalle pokkooo vella panni eduth jeebikkedaaa
Positive,Uyir aanu ikka.Lokathile yettavum sundharanaaya muthachan
Positive,Mammukka oru rakshayumilla. Mammukka mass ....
Positive,Pulimurukente director
Negative,Chettatharam kanich... App upayogich dislike adichavarod
Positive,Zee Music South Channelinnu erakkiya mathiyayirunnu.... Sunny Chechide paatu irakkumbol engilum 🤗🤗🤗
Positive,Nge...like kuranjo???..autolikes 3g.. anyway trailer heavy
Positive,ikkaude MADHURARAJAKKU  VIJAY FANS KANJIRAPPALLY UDE ELLA AASHAMSAKALUM
Positive,Mammukka ishttam  padam pwlikkane .....!!!! Bzlee nammude mammukka pwlichu daa
Negative,Trailer kandittu film pottum 100 %.
Positive,Padam polikunna thonnunne Soubin oru pradhibasam thanne Ambili kandit oru onnonnara fana ayi njn
Positive,Look kandappol surajettan serios anenna thoniyath angeru polya pand behalam vechu comedy kanikkum ippo silentay kanikkum
Positive,Ithu oru onnonnara movie aaanu mone
Positive,Sooragetta poolichutoo last dialogue epic
Positive,Suraj ettan vere level...  1:01  Soubin ikka pwolikkum 0:33
Positive,Eee muvie supperb aavumnnu urappullavar like hear
Positive,Lalettan paranjakond vannu kandu istappettu like adichu pokunnu
Negative,Title il Suraj ettante peru vekkaathath moshaayipoyi..
Positive,Last dialogue.... oru rakshem illla... .... Asoooya verum asoooya.... Sontham naadine vittukodukunna kali illa enth vannalm...
Positive,Suraj ettan soubin ikka enn kelkkumbo thanne oru nalla cinema yude smell adikkunnund.waiting for releasing
Positive,Ithe kandirikkum enn ullvar like itte pokko 🤨
Positive,Kollam Nalla oru padam veendum ..varunnu enn thonnunnu
Negative,Comedy cheyan Oru prethaka kazhivu vennam athu surajinu ilaaa. Full chali aytaanu thonnanee
Positive,Vikruthiyude vijayathinu shesham veendum prekshakare akamshayilakkikond adutha padam Android Kunjappan..Awaiting 🥰🥰🥰
Positive,Padam vijayikkum  S&S COMBINATION WITH ROBOT
Positive,Adaaru item. Hooror movie feel. Haha. Jappaanee nee theernnadaaaa....  Petrol ozhichu kathikkum.  Poli Poli Poli.... 🤩🤩🤪🤪
Positive,Surajettan &  soubinkka   powli combo
Positive,Powlii powlii...last dialogue comedy anenkilu kidlm tyming
Positive,Ithokka Malayalam cinemayk maathram avakashapedan pattunna cinemakal aan
Positive,Katta Waiting..... Suraj Ettanteyum Saubin Sahirinteyum... Vere Level Comady Film Aaavaam
Positive,Nice ... Varampo kaanam engana nu ....
Positive,Movie adipoli.. aju varghese my fav
Positive,innanu movie kandathu.....kidu nnu paranjal pora......kidilokkidilam
Positive,Super Cinema... Really a thriller movie... Kanditt sahikyilla... Sangalpikyaan koodi Vayya anganoru avastha .... Kidilan movie
Positive,Aju chettan polikkum nna thonnane
Positive,Poster kanditt feel good anenn karuthi kanathe vitu
Positive,Trailer 50il kooduthal thavana kandath njan maathramaano Anna ben vineeth yettan izhtam
Positive,Costumes Irshad khan Cherukunnuijj Poli mutheeee
Positive,Vineeth sreenivasan Chetante cinema aano...nkil padam kiduvarikkum
Positive,Katta waiting..anna ye kaanan kothiyakunnu kumbalangy nights pwoli love you...
Positive,Pworich kurach kalangalaayi ijjathi padem Tamil mathram aannu kandirunnath .eni malayalathilum kannaan ulla bhagyem Ind .Poli Poli poli
Positive,Ee idaik irangiyathil  best trailer in Malayalam movie
Positive,ADIPOLLI  STOREY AJU*. *IKKA  MASS
Positive,Ente Peru Chodikkaathe eduthathil paribhavamilla ketto..  Cinema super aanenn trailer kandappol thanne manassilaayii
Positive,Padam hit ahnu.. kaaranam ithinte producer Vineethettan aanu
Positive,Kanditt nalla quality olla padam aann thonnunnud
Positive,Janapriya Nayakante Pakka Family Entertainer Superb Trailer
Positive,Trailer pwoli ............... .25
Positive,Mamangam Vismayathinu 5 naalukal mathram Katta waiting
Positive,Namude swantham mammookkayk lalettan fansinte vaka asamsakal..mamangam nalloru thirich varav sammanikatte.. trailer kidukiyitund
Positive,Oru 30 pravashyamenkilum kandirikkum trailer  9 days to go for mamangam On dec 12
Positive,Dec 12 onn akan etra nalay waiting anu
Positive,Ikkaaaaa katta waiting.. Ini kurach nal koodi
Positive,Katta mammokka fans like buttonil power kanikku Trailer polichu
Positive,Mamangathine  Ajaygopal  fansinde vijayasamsakal.
Positive,Luccifer trailerinu 10 millionilethicha. Editarmaarile pon sooryan
Positive,5 millionilekk kuthikkunna makankam trailerinu ellavidha bhavukangalum nerunnu
Positive,4 million +  Adichu polikada makkale
Positive,Padam iragan eni thivasagal mathram katta waiting
Positive,Indian cinimayil mamankathe vellan anoruttan Vere janikanam
Positive,Mammukka ningal bharikkanam Malayalam Cinema iniyulla kalavum
Positive,Ikka vera level... ithu 500 cr kerum100%sure
Positive,Ee maha avataratte nerkku ner illadakkan marakkar padu pedolo ishwaraa..  1:17 bgm
Positive,Aadyayitta oru comment vidune video kandaal aarum onnu comment ittupovum
Positive,Padam industry hit aakatte ennu oru Lalettan Fan
Positive,December 12   ikka Katta Waiting ikka
Positive,Prayam koodundorum soundaryam koodunna ore oraal.. Mammookka
Positive,Keep going mammukka....  katta waiting...
Positive,Padam vere level aaavum.... Mammulaaaal fanz
Positive,Trailer kandit manassilayeele eth vere level aan makkale
Positive,Ejjaathi hardwork mammookka!!! Katta waiting padam onnu kaanan aayit
Positive,Enna oru feel olla trailer
Positive,Oru mohanlal fan aaya njan   katta wait cheithu irikuna mamooty de filim...
Positive,katta waiting mamangam njanum undakum November 21
Positive,Mamangam malayalam industriyude oru gem aay marum urapp
Positive,Kalam ethra poyallum charithra purushanmare prathinithikarikkan angh kazhiyunnundallo mammooka
Positive,Ithupole oru trailer iniyundakumennu thonunnilla. Superb
Positive,Mamangam marana mass akum allathe pinne
Positive,Sathykatha anthannu vacha kandittu angottu mathivarunnilla
Positive,Ikka de carter hit aavm Maamankam ennathil oru samsyavum vndaaa
Positive,Onnum parayanilla mammukkakkum ee teaminte ellavarkkum All the best
Positive,ethra thavana kandaalum veeryam koodunna kolakolli item
Positive,Ufffffff ichayaaa pwolich ur die hard fan 4 ever
Positive,Telugu film pole masss  trailer
Positive,nthayalum firstday firstshow urappichu kore naalayi malayalathil immathiri action padam erangittt kandkalayam
Positive,Katta waiting aliyoo njanga malayalikalkkum nddaa mass padangal
Positive,Venda kutta uruttam last dialogue polii....
Negative,enthu oola trailer aanu ithu. poor dialogue delivery
Negative,Diriection mosamanu ennoru thonnal.. oru feel varunnilla
Positive,Oru dubbing padathinte trailer pole.  kidu
Positive,‍ Venda kutta uruttam  Aaah pwoli Background music
Negative,Tovino machane fight scene poratto... eniyum valaraan undu
Positive,Ichyaaaa polich nanum indu ee moviel kalki 🤩
Positive,Ente jeevante jeevanaya ichayoiii niga muthanu kalkkiyeee kalkki
Positive,Pwoli.. Keralathil kittiyillel telugil um hope ind
Positive,feel good kand maduthavarkkaayitha ichayante  mass masala padam
Positive,Kidukachi ene parja pora athukum mele  tovi ichaya🤩🤩
Positive,Tovinho fans like അടി..... tovinho പൊളിച്ചു
Positive,Eth oru onnonnara padam aavum enn urappullavar like adi
Positive,Oru reksheyum illa kandittu oru tamil padam feelings
Positive,Action film kaddittu kurrachu kallam ayyi
Positive,Heavy mass        പൊളി
Negative,Adutha vishunu aduthu vekkam .... Assal padakkam aavum
Negative,Samyuktha vendayirunnu. :(  Aishu pwoli ann
Positive,Super star aakan pattiya aaal.  Tovi the mass
Positive,Ichaayn masss alaaa marana masss anuuuu polwiii
Positive,Ichayan pakkaa massdaaa I love tovino
Positive,Kalki Kalakki Achayane innu Mannarkadinnu kande ollu...appo ithreyum pradheeshichilla
Positive,Chilapo Tovino nu Superstar Pathavi Nedi kodukaan pokunna chithram
Positive,Oru kidillan thriller movie ennu urappichu...  katta waiting Kalkki
Positive,August 8 ee padam powder powdered avum yennu vecha podi podikkkunn i am writing kalki
Positive,Fight vere level teateril paper kure keerendi varum ichayoooo
Positive,Toveee...... ichayo... trailer kandu aaake excitement adichu irikkuva...film ethrayum vegham theater lu ethiyengil
Positive,Ichayan kasari. Kiduki. Porich. Njgal tcr karude swagraya ahagaram
Positive,Singam model oru kidilan action movie aakatte.....
Positive,Ini idikanda.. urutam.. athu box officenodanu
Positive,Yejjathi padam ith polikkum ichayante ingane ulla oru padathinumvendiyan ithuvare kathirunnath....... kalki.... ith polikkkum
Positive,1:52 mass level  Fdfs urappichavar like adikku
Positive,Achaayaan poliyaatto...   kolamaasss Kalki 🥰
Negative,ഇവിടെ telug padangal vevoola mr Twolinjo..
Negative,poraa pratheeksha illa.. Tovi voice rendering sradhichitilla..... camera
Positive,Oru singam mmayam..  pwoli trailer
Positive,Venda kutaaa... Urutaaam.....  Tovino ishtam🥰 Katta waiting
Positive,Arudeyum kaneer oppan vannadhalla njn... !! Pakshe karayikunnavarude thala njn adichu pwolikkum🤙 full on full power
Positive,Machan pandey pwoli aanenn boni parayan paranju🥰
Positive,Poli tovi Chetta oru rakshayum illa marana mass
Positive,Aettanta padathin ikka fansnte ashamsakal 🤗🤗🤗
Positive,tamilnattilum No1 trending aaya first malayalam trailer..!#lalswag
Negative,Romanjamadichu pandaaradangi... Ee dislike adicha pithru shoonyanmaar ivide okke undaakanam...
Positive,tovino mass avum ennu urappullavar ivade come on
Positive,Onnum parayaanilla.....kaathirikkunnu Lucifer ney kaanaan!!! Prithvirajj polichuttooo...iniyum porattey cinemakal....Muralii...ingalu muthaanu...
Positive,Ufffff.  Pwoli lalattaa... Katta waiting
Positive,Ithano aa cheriya movie  pattikallae
Negative,23 k  unlike   hehe   idum  kanji  tanne
Positive,Ithe namma jayikkan mathram kalikana kaliyaaaaa
Positive,Vedikettu...ee vecation Lucifer kondupoyi makkale....Lalettan & Rajuettan ....
Negative,Dileepettan muthanu ningal lalettan fansanenkil nallathu paranjo kazhapamilla athinu dileepettan undakandataaa
Positive,10 ൽ കൂടുതൽ ഈ trailer kandavar ivide varoonjhaan 16 aayi
Positive,Romancham vanna trailer... and ...lalettante..Vaadaa...!!!.... ith pwolikkum.....
Positive,Onnum parayanila. ..nte ponno ...katta waiting March 28
Positive,Ithoru nalla trailer aanenn aarum parayum ennitum dislike sammathikkanam... Mass +class
Negative,Unlike adicha mammunni fansinu irikkatte oru kuthirapavan
Positive,Oru reksham ella masss atra parayan epol patuuuuuuu laletan polychu
Positive,rajuvettan marana mass .....laletan kola mass
Positive,Athra thavana kanditum madip thonunile oru rekshym ile super
Positive,Raju ettan nde films il kaanan pettuna athe cinematography eee trailer il kaanan sathikunnu....
Negative,Ini ore vijayiyum keralathil vanne negalikkan padilla
Positive,#trnding 1 എന്ന് കണ്ടു സന്തോഷായി   From an ikka fan  Rajuettn lalleettn  Adarru combo
Negative,adhyam 9 polinju 8 nilayil ini next ithum poliyum 9 nilayil
Positive,THIS DEAL WITH DEVIL ITH ORU POLI POLIKKUM
Positive,Madhuraraja ye kaal valara mikacha quality feel cheyyunnu.  A Mammookka fan.
Positive,Laletta ingal vere leval annu Waiting #L
Negative,Sudapikalkku kurupotti aa dislikes kanda . A Hollywood level work
Negative,Ithu award padam aano full slow aanallo
Positive,Mass kolla mass etra vattam kandu enne areyella .
Negative,Ee haters vann dislike adichalum 240k like und makkale..
Positive,Direction maarakam prituiraaj nee tanne cheytathaano atho ariyunnavare kondu cheyyichathaano aaraayaalum massayittundu Well job man
Positive,Innale rathri 10manikk nokiyappol 200k views ippoyathaa 2m views... Trailer Pwolichu... Lalettan-Prithvi Combo  Padam 150+cr nedumennurappullavar like adiii
Negative,22K   Dislike enthuttta pattiye ¥ SuPpER teaser
Negative,shuger raja fance onnu virachu alle.ithokke endh varan pokunnathanu mone pooram
Negative,Eathu nayinte makkal avao dislike adiche
Positive,Laletta inghal pande vera level aah...pande nenjil kond nadakunaathaa ente swantham lalettaneLub uh laletta
Positive,Pinneyum pinneyum kaaaanunnavar like adi... Lalatten ishtam
Positive,Raju ettaaaa ningal Vera level
Positive,ITHU ORU ONN ONNARA ITEM AANEEE
Negative,Dislike adicha mamookante  fanse odu myrukale
Positive,Mass enn paranjal pora... Marana mass
Negative,Dislike adicha pullanmarude mugathulla adiyavatte oro likum
Negative,Bgm poaRaaa.... Goapi aanel maanthittaanelum Bgm GoosebumpS aakkum
Positive,Katta waiting  Lalettan  Rajuettan polichu heavy  Entha oru feel
Positive,Ithu vere level trailer aanu Mone....
Negative,ലാലേട്ടൻ പ്രിത്വിരാജ്   22K dislike vannenkil urapicho arkokkeyo kuru pottiyitund...  padam sure hit...
Positive,1:51 ....VAADA ...aa oru otta shot mathi
Positive,malayalam film industry ile etavum stylishaayitulla trailer.. LUSIFER
Positive,Love From #Mamookka Fan..Ee padam pwolikkum..#Katta_waiting..Rajuvetta Enta Romam okke enittu ninnu breakdance kalikunnu..
Positive,Edak... Edak vanu trailer nokkunnavar.... Arokke....? Lalettan PrithviTovi  Istttam
Positive,LALETTAAA POLICHU  100 CR KOYYUM
Positive,Mohanlal fans like here .... Ettan maaasss aanu
Positive,Addi poolliiii..odiyanna  kaall ushirooodukudiii  LUCIFER..MARANAA  MASSSSS
Positive,Nte ponno oru raksha Illa Ennaaa Trailer
Positive,Kandittum kandittum madhiyaavunnillallo deyvame.....Ente laletta ningal star alla oru GALAXY aanu
Positive,Ini aarkkum onnum parayaanillallooo Remember the Name: Laleettan
Positive,Ravle 7.30.k eneete pade repeat adich kanunnavark othukoodanulla sthalam
Positive,padam hit.....pani ariyavunnavar film pidichal trailer kandalum goosebumps varum
Positive,Nammude prithvi amgane veruthe onnum direct cheyillalloo... Lalettante kure nallukalyi irangunnathil aattavum nalla movie....
Positive,Ejjathi ..  Item.... Lalettanum fansum pwolikmmmmm
Positive,iyalith verthe parayuvaan puthumukha samvidhayakan aanenn
Positive,Etta...... Sherikm super🤝ntha parayuka...  Oru rekshem illa.. Adipoli... Katta wyting
Positive,Raju etta ningal Malayala cinema ye Vere Level Aaakum Alle
Positive,Ettaaaa kandalum kandalum mathi varunnillaaaaaa poli anu kettooooo
Negative,Pandi rajaye malarthi adichu athanu lal magic
Positive,Enna parayan eneet ninnu thoyth povum
Positive,Ithu njan 10il kooduthal  kandu
Positive,Kidilan....... Lalettan  pritvi
Positive,Trailer nannayutu untu valthukkal mokanlol Sir and fans
Negative,Edo thallu menone direction padikanonkil rajuvetante aduthu chenna enganeyanennu padipichu tharum ?
Positive,Lalettan kidu Raju Etta super trailer
Positive,All the best lalletta  oru katta Messi & ikka fan
Positive,28 lucifer release ente bday pwoli
Positive,Randennam adichitt kaanumbo waav........ Sooooooooperb trailer.... Lucifer le L neengumbo....   Ennaaa oru paranjariyikkaan pattaathathra aimaaaaaaaa....
Negative,Mohanlal=manju Manju=mohanlal  #manju kanji kodukendi verumo??  Lalletta aduttha filmilengilum nadiye mattane plzzz.. Illengil kanji orappa!
Positive,I love Lalettan and prithviraj...prithviraj always admired him.. Ithu polikkum.. Alla pinna...
Positive,vaada a otta vili athu mathi .athu maathram mathi
Positive,Paayunna KL T 666 il avan varunnu
Negative,Enthanavo manju warier kanumbol oru deshyam
Positive,onnil kooduthal thavana trailer kandavar pls like here
Positive,Njan oru lalettan fan allengilum trailer kandappo...ee film kalakkum orappa....mega super hit aagum....urappe..
Negative,Ithinekkal valiya romanjifickation trilor aaaayirunnu villan ...ennitto padam 8L pottii idum anginethanneyaavum ....laletta ingalu maaarikkoluuu pillleru kalikkette
Negative,Sho.... Naatil vechu padam kaanan pattilla ennu orkumbol....
Positive,Oru mass political- family blockbuster hit aakatteyenn aashamsikkunnu
Positive,Katta pretheekshaaa....... Luv u alla ...
Positive,Its wanaah great¥€¥ polichu laalettan chankanu chankidippanu lalettaan
Negative,Enna padam ethillum high irakiya villian potti palisayi pinna ithe
Positive,Ith polikun Nighal ath parayunnu Polikumo illayo Polikum akil like cheyu
Negative,Oru kaaryam manasilaayee..paandi rajayum 30 crore nedillaa
Positive,Annum inum ee manilla natturajavuu lalettan matram ettan ishtam
Positive,MURALI GOPI NINGALUDE DIALOGUE PWOLIYAANU. ..MWTHE
Positive,Epo madhura Raja trailer kande ollu ethu kandappo tharichu poyi. Ettan effect
Positive,Abhinayathinde manarisam thiricharinja mahanadana vaibhsvam mohanlal enna MALAYALIYUDE oru sokharya sambhavamanu ennum eppozhum All friends congratulation
Positive,Lucifer fdfs pokunnu lalettante White n white lookil
Positive,Padam motham twistukal aayirikkumennathil samshayamilla
Positive,Ejjati item ettan pwolikkum all the best raju etta
Positive,10 l kudutal tavane kandavar arokke und
Positive,Erian ariyunnavante kayile daivam vadi kodukku hatts of rajuvettan istam
Positive,Kuduthal thavaana kanannu thunnuna padam annu oru rakshayum illa polliwchu
Positive,kanunnathin  anusarich veendum veendum kanan thonnunu
Negative,Adutha oru vedimarunnu ready ayitundu...eppo pottikanam ennu paranja mathi....lalunni fans and pottan  fans undo evide?
Positive,Ntammoooo enna lookka nte Etta  Immathiri oru trailer pretheekshichilla.... Kikkiduuu
Negative,Dislike adicha thaayolikale adikendavark like cheyyanulla comment
Positive,Malayalathinte swandham lalettanu  all kerala dulquar salman fansinte vijayasamshagal
Positive,Njan laletten fananu ...  pakshe trailer kandu romam enittu nikkinnu
Positive,In 2 days 5 million views Adi makkale like Mammmootty Prayam koodunthorum Cheruppamagunna Logathile ore oru humannn
Negative,Eth kandit nere poi pulimurugante trailerum onn kandek 2 ilum enthelum vethyasom undo?
Positive,Njan lalettan fan aaanu Enthayalum mammukkaa polikkatte  വിജയാശംസകൾ
Positive,Sunny chechinte song kelkkan waiting
Positive,Namude ikkakum Rajakum suriya fansinte Ashamsakal
Negative,Fake liker pidichu ikka oombi
Negative,191 k likes 118 aayallo.. ithenthu marimayaam ...lalapikkal ude kali aano
Positive,Muppathil kooduthal thavana kanda njanalle sherikkum mess
Negative,Ijjadi mass sadanam ഇക്ക നിങ്ങ poliyaan inippo kurupottichond കൊറേ mairanmar വരും
Positive,Trailer ishtapettavarkku ivide vannu like adichittu pokam
Negative,Thallu vidunna moopanu pakaram appan  Daddy girija  Peter hein fight ( parannadi) Pulikk pakaram patti  Pinne mainayum same costume (Anushree)  .
Positive,Trailer Kandal ariyam super hit aakum
Positive,Veendum veendum Vann kaanunnath njan maathramaano
Positive,Ichaakkaa.. Pwolichu tto   All the best mammookka   By  lalettan fan
Positive,Njan lalettan mammokka randu perudeyum fan anu   Randupereyum orupole ishtom anu    Avar keralathinte muthaanu
Positive,Verum mass alla kola mass raja daa
Positive,Rajayum rajede pillarum stonga tripple strong
Negative,Poraaaa.. Luciferne tholpikkan ulla mass onnum illaaa..
Positive,ithu tanda mammoty. late aayi vandhalum latest  aayi vanthiduve da
Positive,Eee trailer njan ethra pravishyam nokiyann enikku ariyilla ningalum ingane tanneyanu ikka isttam
Positive,Keralathinteyom madhurayodeyom Raja nammode swantham ikka
Positive,Madhura raja polikkumm  Sinan ek college of Commerce
Positive,Raja  come back katta waiting
Positive,Yetra ayalum lucifer ne tholppikan kayila.. Ettan uyir
Positive,1:38 enikkathu inganaaa kelkkunne.. mammoookkkaaaaaaaaaaaaaaaaaaaaaaaaaaa romanjification
Positive,Kandu njan kandu sunny chechiye njan kandu
Positive,Ijjathi trailer uff ponnooo.... Oru raksha illaa.. Polichuu Ithavana vishu #Madhura Raja kondu pokum enn urappullar ivide thottit poo...
Positive,Ohh mamooka kalaki...Adipoli trailer... Best Wishes from Tamil Nadu.
Positive,Raja  ellam adich toofan aakum
Positive,Ente ammoo.... Aaa super man punch undallo ...Ijjathi item.....
Positive,Raja 100cr adikkumenn urappullavar like adikk
Positive,Eeetu polikkkummmmm........ trailer polichu Enni onnu thala uyarti nadakkam........we...love  Mamookkaaa....................
Positive,edakku vannu kanukayum viewsum nokkunnathum arokke mammookka
Positive,Njan oru lalettan fan anu.. pakshe ithu polichu... ikka super
Positive,Wokinu edayilum vannu trailer kanunna arokeyund
Positive,innale 7 Mani muthal Kath Kath ninnu trailer nu vendi.....thakarppan trailer .... love you mammukkaaaaaa
Positive,Sunny chechi ullath kond cinema jayikum
Negative,feels more like a tamil telugu masalappadam.. pokkiriraja comedy aayirunnu highlight.. ithil athum illennu thonunnu... trailer nirashapeduthi...
Positive,Ith kandapo ronchaaamam Enik matram aanoo vanne
Positive,ethra trolliyaaaalum eee trailer oru sambavaaayindee
Negative,Lucifer thannee sheenam maarillaa aduthu kootheraaaaa thaaa
Negative,Annalum sunny chechiye randu shotl othukkiyallo.. kashtam tanne muthalali
Positive,Ikkayude mass perfoamnce kaanan Kothichu Etra naalayi..Waiting april 12..Raja
Positive,malayala cinima ellam hollywood level ayo oh my god
Positive,Kandappo  oru  kuliru  keri  mone🤗.  Ningalkkum  vannengil  like  here
Positive,Yessss the Lion returnzzzzz...kattaa waitingggg ikkkaaaaa
Positive,Avasanam Romante oru Superman punch
Positive,Peter hein touch kaananund fightil
Positive,Ithilude enkilum tirichu varuka lalettan fans waiting....
Negative,ee unlike adichavark oru asukam undu enthuvanan ariyamo asooya
Positive,Ikka Ella malayalikaludeyum ahangaramaya vigaramanu . love uuuuuuuuuuuuuuuuuuuuuuuu ikkakkaa
Positive,Mass ennu paranja otta vakkeyollu ath mammookka!!!
Positive,Adipoli mass superb kidu mammootty polich ____mass aayitund trailer pakka poli
Positive,Nta ummoo oru rakshayum illa pwolich
Positive,1:23 ee shot repeat adich theatre il enganirikkum enn alojich romanjam konda etra perond
Positive,Mass trailer
Positive,1 divasam 3l kudutal tavane kanunavar arokke und
Positive,Lucifer  Lalettan polikkumm Kerala Abhimanam Lalettan
Positive,Idikkatta waiting... Othiri thanks prithvirajinu...njangalde ettane
Positive,VADAA aaa dialog vera level ane
Positive,Irangiya divasam thottu 4 um 5 I'm pravashyam an kaanunnath... Are you katta fans like me?
Positive,Ithenthaa pinnem pinnem kaanan thonnune.. Ejaathi addicted
Positive,ethipo tamizhanmarum Karnataka ap ellarum indallo laletta love u
Negative,4 Millon ayee makkale eattante pazhi paragavar thalayil mundittu trailor kandukanum
Positive,De pinneyum youtubil trending no 1
Negative,26K malaghamar dislike adichirikkunnu....Sahikkanjittanu vere onnumalla.....kashtam....dhaivathinte sontham nadu
Negative,Dae Ajithaaa copy adikathada Mohan Lal
Positive,Ithaanu oru katta aarathakante cinema
Positive,Njangalude muthanu  ingalu laletta..... Lub u Etta......
Positive,TRAILER KIDU
Positive,NEXT MASS HIT OF LALETTAN...MARANA MASS HIT
Positive,Malayalikalkk idayil evan oru para ullu ŤHé ćòMpļÈțê ÂćŤóř
Positive,Jai jai jai lalettan ki jai
Positive,മോഹൻലാൽ ഫാനൊന്നുമല്ല. But Trailer soooper.  രാജുവേട്ടന്റെ first padam hit aavatte katta waiting
Positive,Edhu kondu prethiraj neruthiyal Kollam
Positive,Super acter nammude lalettan Super hero nammude lalettan
Negative,Ithinokke dislike adichavanmare okk adichu kollanamm ettan uyirr
Negative,Dislike  Adicha Mammookka Fans  Njagade #ettante varav KaneKulirke Kandota...........................
Positive,Omg 5 Million sure anu
Positive,I love you Etta Etta fans like addi umma umma
Positive,302k likes...yeeeeeee....I will dance....kuuuu...koooo...vineethetan sound vivek oberoi...
Positive,Njan ippol tanne 15 tavane kandu kazinju kanditttu kandittum madukunilla
Positive,Ettan mass kanikkan thudangiyath innum innaleyumonnumalle makkale
Positive,Raj yeta thagarthuve movie super dooper hit adichi polikam even in tamil nadu ithu nambalda movie ah hit akam
Positive,Nerathe 3M aarunnu... Ithrapettannu 4M aayooo....   ettan thaan vismayam.
Positive,Njan aarudeyum fan alla Annalum eth madurarajayekkal hit aakum orapp
Positive,Kazhinja 3varshathinidayil lalettante nalloru trailer
Negative,Madhurarajakkum oru trailer undu
Positive,Kgf movie kanda pola oru feel..... Endhayalum laleta kalakki
Positive,Njan Lalettan fan aaanu. Athukondu thanne parayua. Comment adichu Nammal odiyan aaakinmattanda. Padam kudu aaavum. Coz this is mohanlal
Positive,njan ikka fan aaan!  lalettante oru nalla thirichu varav pratheekshikunnu......rajuvettan direction super aayittund!
Negative,Yenthina aa manjvine ithilekku valichirakkiyathu aval undayathukondu padam kananulla aa thrill poyi
Positive,Mass alla maranamass alle kollamass anu lalettan
Positive,Amboooo pwoli veree levellll       Ettn ishtm
Positive,Indettante a dialogue kiduvanalle.. (Mahiravanan
Positive,Jbl headset vechu trailer kandavarundo enkil like idooo vere level
Negative,25 k dislike ivaneokke endu manushyarada? Nalladine nalladenn angikarikk
Positive,Look aayi lalettan thonni prithivi muthaanu like adi makkalee
Positive,Rajuvettandhe direction vere level aayirikkumennu trailer kandappo manasilayi...#romanjification
Positive,lalettan masssda vyara lavala athukum myaley I love you laletta..
Positive,entry istam like for lusifer lalettan
Positive,Katta waiting lalettaaaaa2' nd on trending kuwait
Positive,First show kanum enn urappullavar like adi
Positive,Hype kurakan Samthikoolla alle?   Ijjathi ittems oke irakiyal engane hype illathirikum.
Negative,Ikka fansinte 25 k dislike undallo... dislike adichittu karanjolu
Positive,Lucifer ...Rajuvettan malayalcinemakku nalkan pokunna ponthuval .....Lalettann awaiting ....For your devil lucifer
Positive,romanjification love you laletta ithu pwolikkum
Positive,Aa kurishil christinte thala odich vechekunnu... raju brilliance
Positive,Trailer kandappo thanne romaanjam limit break chiedhu....Cinima kandaal romaanjam kondu marikkum....
Positive,Heavy..Mass & Clas...cudos team Lucifer... Laalettaa ingalu Muthaanu...Double Role Aanu Makkale......
Positive,Swargatthil ninnu purathaakkappetta daivatthinte swantham maalakha polichuuuuuuu LUCIFER waitingggggg...........
Positive,Enne polle 12 vattathille kuduthalle kandavarre arune
Positive,Orroo...framintayum quality     Rajuattan magic
Positive,njaan ippo oru  83 thavana kandu
Positive,lub u lub u..... Laletta ..... L... U... C.... I... F... A.....R.
Positive,Eee padam pwolikum..... Aah വിശ്വാസം anu eee comnt
Positive,Super polich vere level  kidukki wating
Positive,JAI LUCIFER JAI LALETTAN JAI PRITHWI
Negative,Dislike adicha Lalettan hatersnulla adi avate ningalude likes...  Trailer vere level... Murali Gopi Mass.. Like Prithviraj too..
Positive,Ee Vishnu  Stephan nedumpally kondupokum athinu oru samashavum Venda
Positive,Laleta you are a sensation and pritvi cheta you are a genius
Positive,Lalettan prithvi combo .... =മരണമാസ്
Positive,Lalettan fb live vannapol paranja vaakkukal ellam sathyamaakunathu pole
Negative,Ithinte munnil Paavam madhuraraja entu aakumo ento... Mikkavarum sugar koodi chaakum madhura-raja ... Paavam mammunni...
Positive,Lalettan polichu Pani ariyanunna Mon thanna rajuvettan
Positive,Indrajith LUCIFER ennu paranjappo
Positive,It's a blockbuster .... prithvi keeeee jai. ....
Positive,I am a mammootty fan...but ithu kand ende romam eznettu ninnu...superr lalatta and rajuettan
Positive,Eth pwolikum .....the complete actor lalettaaaaaaa ....katta waiting for lucifer enna look aa nmle lalettaaa
Positive,Lalettan kidu maazz .... .... Super.......
Negative,24k dis like adichavar ithrayum mandanmaro
Positive,Dislikes inde 100 alla 200 madangu likes adikkum ..athan lalettande power
Negative,Mammottykku  mathram oru Nalla padavum illa
Positive,Kidu.. Kidu.. Kidu.. Ith polikkum.. Lalettan...  പ്രിഥിരാജ്
Negative,Vamban hope chaidu vannadellam potti polijatte olle
Positive,inni Kanji chodichu Arum varandaa....Assalu Biriyani thanne Thannittund.         Lucifer
Positive,Kattttta waiting adikkkkkam macha Oru like
Negative,Dislike adichavar ettavum valiya oolakal...... bldy idiots...
Positive,ethil pritvi kanum en manas parayunnu
Positive,Last atte aa adi polichu ...
Positive,Nice...ikka mass   . All th bst #lalettan fan
Positive,Mammookka ithelum mass aayi big b il varunnund ith verum sample
Positive,Ithu oru onnonnara item anu makane ee........Mass alla athukkum meleee.....
Positive,vere level....anne Ikka hatrick adikkummm.......ee  movie katta waiting.....vaishak sir
Positive,Polichu ikka suppar u r great
Positive,Adipoli   adipoli  adipoli  super
Positive,Çhūñk mammukkakkum vyshakettanum ente big salute  Inganoru mass Padam orukkithannathinu Ikka bhakthans
Negative,Filim kaannadhe trailer kandu diss like adikkan kureyannam vannolum kashtam thanne diss like adikkan mathram jeevikkunna guys hii
Negative,Enthu kanichalum njangade lalettante pakuthi varumo niyokke
Positive,Ikkkaaa katta mass trailer pwolichu .....eniyaaanu masss katta waitin
Positive,Lalettan fan but aa lastle chadeet oru pedayille polichuuu
Positive,Camera chaithirikkunnathu nalla pakka pakka... Nalla dop.... Orupadishtay
Positive,Lalettan ayalum mammookka ayalum oru pole support cheyyuka snehikuka.... Verukendath sankikale mathram.....🤗
Positive,Eattante pooram kazhinjaal...ikkayude kodiyett... Lalettanum mammookkaykkum pakaram vekkaaan aaarumillaaaa....
Positive,Ee padam pwolikkum pwoli teaser teaser...
Positive,Thamilnadu rajinisir
Positive,MadhuraRaja blockbuster aagan Madhurey hero Vijay Fans ente Aashamsakal....
Positive,ikka pulikum verum mass alla marana mass
Positive,Cinema odiyan pole hit aavatte ennu ashamsikkunnu
Positive,MAMMOOKKAAA....  NIGHAL MUTHAANU....Nighal kola maassalla...  kolaveri maasaanu.....
Negative,Pala padathilum kanda scenugal kooti kuzhucha padam athine kidu mass ennoke parayaan kure andam kammi fansugalum
Positive,SAMBAVAM HEVY AKKITTUNDE KATTA WAITING FOR RAJA
Positive,It’s amazing vere onnum parayan illa
Positive,Kure nerayi repeat adichu kanunu.angane arelumundo
Positive,Nalla punch ulla trailer mamooka Jai anusree shamna ellarkum bst of luck
Positive,superman punch is superb
Positive,Petrol vila karanam raja cycilil. polichu!!!!!
Positive,WOOOOOW  Mathi  Ithumathi  mammookkaa
Positive,Ikkaykk lalettan fans inte vaka oru adipoli wish
Negative,E polippan trailerinokke dislike adichathu ethu keedangallannavo... kuru pottal ippazhe thundangi....
Positive,Lucifer kandu. Eny Ethu. Kananam.. Ohhhh.
Positive,ente ponnu....endb item aaan...he he ....ikkka...romanjjjjjjj
Positive,Njan poye kanan mammookkaye al wahdha MALL njan kandu
Positive,Dislike adikaan vendi vannathaan pakshe ikka ee trailer kanditt dislike adikaan pattunnilla So ente vaka oru
Positive,Ikka muthaanuuu...luv uuubut rajuetta ningale miss cheyyunnu
Positive,Sambavam polichu  Ennu lalettan fanaya oral 🤗
Positive,Enta ponnoo... oru rakashem illa romanjification kond irikanum vaya nikkanum vaya
Positive,Entha trailer oru rakshayum illa kidu item
Positive,Mammokka nigalude hardworkinu nalla vijayam thane kittum
Positive,Poli......poli....super ikka poli super double super
Positive,Mamoookaaaa massssss.....uff rakshayillaaaa...ikka ennum mass ka bapp
Negative,thalaivaaaa.......  sollarathu Mattumdha...saiva..... ethrayum nall evidarunu....    chillarkku kuru potti thudagi ....
Positive,ikka kalakki super kidiloski trailer raja theatre poora parambu aakum
Positive,Mammukkayude kude raju vettan venamennu aagrahikkunnathu njan mathramano..
Positive,Super trailer kidukki kalanju ikkaaa namichu
Negative,Muriyandikal pannikuutatam pole thurimezhukuvansllooscenes are rememmbering pulimurugan
Negative,14k dislike adicha oolakalk naduviral namaskaram
Positive,Lucifer num katta support  Eni Madura raja kkum katta support  Thalapathy lovers Kerala
Negative,Lucifer trailer erangiya day million views vannapo sudappi makkal endho paranjarunnallo.ikkede trailer onnu vannottu ennu alle?ennittu bhayangara views ahnallo🤣🤣🤣
Positive,Ee vishuvinu Madhura Rajayude oru Madhura കണി....  By a Lalettan Fan
Positive,Teaser kandappo itrakkum pratheekshichilla traler supsupsupsupsupsuper cinema pwplikkum
Positive,Padam vere level akum enn urappullavar ivde common
Negative,Durantham poojapura jimittolikal dislike aayi irangeetund..haha
Negative,Ithu enthaada serial aah? 🤭🤭🤭 pani nirthi podappa 🤣🤣🤣
Negative,Jimittukal karanju chaakum athum tripple strongil
Positive,Visual treat enu parnja dhe idhan. Mammooka
Positive,Havy Trailer enikkoru 10 like  Tharp
Negative,Visuals serial pidikunna camera polundu. Make up oke ittu ellarum
Positive,Ikkayude Sound Mathram mathy FDFS urappikan
Positive,Lalettan fans like.  Super movie ikka muttwanu
Positive,Ikka fans mathralla like adikkanae nammal ettan fansum like adikkum pwoli trailer
Positive,Maranamass item ente ponno  ijjathi
Negative,Dislike adichavarode enik parayanullathe ikka uryir
Positive,Ikka fans come on 🥰🥰🥰 ikka uyir
Positive,Ettan fan aanu  Mamankathinayi katta waiting
Positive,iniyan muthe mamangam malayalathinte maha mamangam  ente ponnu enikk vayyyoooooooo mammoooookkkkka
Positive,Ipo tanne 5 vattam kandu vallatoru trailer
Positive,mind blowing ikkaaaa....
Positive,Nte ponnikkaaa inghal enthinilla porappadilaaa nte ammooo poli
Positive,Ithokke cheyyumpo mamookkakku
Positive,1 hour 5 lakh viewrs maamaangam rocks
Negative,Itinum dislike adikkan aalundallo...nallatine angeegarikkan padikk... duranthangal...
Positive,Kidu trailer  Ikka fans like Adi
Positive,0:46   vere level scene
Positive,Churikayum chuzhati oru varavund massennonnum paranjaal pora maranamass      ikkaaaa
Negative,Ithu dislike adicha pookavadi makkalodu onne parayan ullu
Positive,Poli item.......Support from ettan fan.  .....
Positive,Lokathilie ettavum mikacha nadan
Positive,Malayalam cinemmyude talavara mattan povunnaaa item
Negative,Thandhayilaathavarum palathandhaku piranavanmaarum aayaa lalettan fanss fislike adikaann kore preyaasapedunundd 🤭🤭abarariyunilaa malayala cinemayude shaapam aann lalettan fans en
Positive,Pwoli sharathe track mari mamagam 🤩
Positive,Vere level trailer  Malayala cinemaye  vere level ethikkum
Negative,Ufffff..ejaadhiii..lalettann rdjile edjelum oruu svene e jenmam vheyaan patilaa..trailer kandd karayunundaabumm ettan and ettan fanss
Positive,Wow ikka Oru rakshayum illa
Positive,oru rkshem illa makkale manikyam aayitulla angathin orungikko
Negative,Dislike adikan mtram Kure per nokiyiriunna polund
Positive,Ejjathi. Trailer..!! MAMMUKKAAAAA 🥰🥰 🥰 ...Padmakumar nigal vere level aanuu.
Positive,Njn oru katta Ettan fan aanu  Ikka pwolichu...All the best from an ettan fan
Positive,Uff romanjam kond irinaduth ninn njan enit ninn poyi
Positive,Inganoru adaar trailer kanditt dislike adikkan aarkka thonnukaa...even the haters cannot...ikka superb🤩
Positive,Ikka polichu athum e prayathil love u ikka
Positive,Marana mass waiting for mamankham
Positive,Marana maasss feeel trailer. Padathinum ad kittiyal polikum
Negative,I am bangali double kundi mohannlal
Positive,Ente ponno......maranamass item. Kidilan making. Fight apaaram. Sound modulation oru rakshayumilla. Oru adaru item thanne
Negative,Trailler pora padam 8 nela pottum ane tonunee
Positive,Adaar item orungi....kaathirunnolu ini ball njngalde kayil aan....!!!
Positive,Ente mammookka  Ithokke abhinayikkanel minimum range venameda  Vere level
Positive,Lalettan fan anu  Ikka poliyanne.  Full support
Positive,Kolakkollliiii  trailer kand njettiyavr aarund
Positive,5 il kooduthal thavana kandathu njn maathramaano   katta mammooty fans cmnt here
Negative,Ithinu dis like adichavarude manasika nila thettiyirikkuva.. Trailer kidilan Oru rekshayum illa
Positive,Ente Ponno Goosebumps  ... kidu bgm
Positive,Charithra cinema cheyyan annum innum mammukkaye vellan oruthanum illa. Kidiloski trailer.
Positive,Malayala cinemaye adakki barikkan ithaverunnu..... oru kolakolli item....
Positive,Kola mass ennu thoniyavar evdea like adiku
Positive,Angine paranju paranju  trailer nalla YouTube chanalil thank irakki 🤩🤩 athinu irikkatte or kuthirappavan
Positive,malayathil ethu vare kandathil vech ettavumm bramandaa trailer  ikkaa hats off ...
Negative,Olaaaa   oooola  oooole
Negative,ethukandalariyam e padam padakkam pole pottum
Negative,Mamookka fan aau pakshe annalum ithu flopakumonn oru doubt
Positive,Nangade ikka polikum
Positive,Ntemmo... Romam eneett ninn dance kalikkunn.. Rajaaaa return
Positive,Oru rekshayum illa makkale poliiiii action scenes
Positive,Powli trailer  Ikka oru rakshayum illa kidu
Positive,Trailer kandu raja polichu oru rakshayum illa
Positive,trailer kidukki look at the likes
Positive,Ikka i lv uuuuu big screen kandolan waitinggggg
Positive,Ikka  njanngalund kude ingalu pullikku muthee
Negative,Trailor kandappil padam pottumennu urappayi
Positive,TRAILER VERE LEVEL ... ITH PWLIKKM
Positive,ഞാൻ ഒരു മോഹൻലാൽ ഫാൻ ann  athukomd pryuvalla trailer polich
Negative,Pottum aenne urappayi .... Inne aethra nilayil pottum aennum koodi nokkiya mathi....
Positive,Peranbilum yathrayilum ingeru ithengana abhinayichu....maassinu maassum claassinu claassum ....ikka vere level thanne....
Positive,Mammokka polichu adiki RAJA IS BACK
Positive,Aah last superman punch undallo... gives a goosebumpz.. ith  powlikku.
Positive,Singa thalaivaa recordukal ini rajaku swontham...
Positive,avasanathe aa idi yente ikka polichu  Love you ikka
Positive,Njan vicharichath athra migacha  kadha undagillennan. But nalla oru kadha undenn manassilayi
Positive,Pwoli... By a katta lallettan fan
Positive,Ahaa hahaha ha.... Nte ponnikkka mutheeee
Positive,Trailer kandappazhe urappichu padam mass vijayichu
Negative,Enth potta trailer aanu... Chumma mass ennu paranjittu karyamilla.... Trailer verum waste. Cinema enkilum nannaya mathiyarunnu
Positive,Mamooka Tolpikiyan ara ullade e Kerala cinemayil avan ippoyum appoyum super hero alle edum tagerkum
Positive,Ante mone
Positive,0:28 - 0.33 athu ingerkkk matrame patttu... Sheriyalle.. :)
Positive,uff malaru tension adichu chakum entha entho..padam irangi hit yennu kelkathe oru samadhanam illa :(
Negative,Odiyan pottum .. Nayika maju anu.. Laletta vere aram kittiyille
Positive,Ente ethra kali ne kandittundu... Eee odukkathe kali koodii NE onnu kaaanu... Laletttaaaaa
Positive,Pakaram vaikkan..ellatha prathibha....lal.... njan paranjathu sheriyalle...plse like
Positive,Pulimuruganae polae kidu bgm venamayirunnu.. katta waiting..
Positive,mohanlal kazhinje vere oru nadan ullu
Negative,oola mammootty ku pattilla ithu cheyyan
Positive,Ith  ndh manushiyana ith mass anno kollamass anno atho vere ndhelum anno romanjam pongunnu ambho
Positive,Katta support .. Surya fans nte vaka undavum ...S37 coming soon
Positive,I am കട്ട  waiting for ഒടിയൻ
Negative,Yedaa Mamooty poora
Positive,Onnu vegam dec 14 ayya mathiyayirinnu
Positive,Dec 14 poraamm kodde kerre makaallle
Negative,Potta padam 2million views polum illatha ee oola padam potti paaleesavum.  Antony perumbaavoor kuthuvaala Edukentiverum. {not an ikka fan}
Positive,Njan antarticail ninnanu malayalam ariyilla trailer adipoli
Positive,Ee mohanlal padam 150 crore clubil varatee
Positive,Oh enna kondu vayya I am katta waiting
Negative,Manju warrier enthu koppe undakan irikuva
Positive,lalettante alle padam supper trailer polychu cinema athkum male
Positive,ithipo kathiruna film othhu varunnod ariyla tension und.ettateum ilayathalapathiudeum padagal othhu randum high akanam atreulu.
Negative,3. 5 k dislike nalla kuru pottal anallo chorichil maraan wyt cheyee december 14 vere ellavarudeyum chorichill maati theraaam
Positive,Mass itom. Mass dialogue. Lalettan polikum
Positive,Muruka nee theernada'  ini odiyan jaalam
Negative,Aiyee.. Trailer satyam paranjal Valya rasamonun illa and I'm a lal fan
Negative,Ethe enthu vaa dae ethe? athinu kai addikaan kore fans oolagalum.
Positive,ithi varum rajavinta trailer matram iny pooram padathila
Positive,Marana maaas ....I am waiting for odiyan
Negative,Dileepine polullavare thangi nadakkunnavarude padam kanathirikkuka.. Preshakarkku pullinte vila polum evar nalkunnilla..
Positive,Lokha cinimayude thara rajavu nammude lalettan...
Positive,Ente ponno lalettan oru rekshaum illa  ഇടിക്കട്ട waiting
Positive,Kidilolkidilam item. Katta Waiting For Odiyan
Positive,Enter ettaaaaaaaa ohh onnum parayaan ellaaaaa
Positive,LALETTAAA MUTHEE POLICHU
Positive,Romanjifikation katta waiting lalletan fan dubaiiiiiii
Positive,trailet ingana.appo cinema enganayundanne parayano... katta waiting..KL 40 fans
Positive,kidu   padam kidu aayaa mathiyaairinnu
Positive,Malayala cinema odiyanu munnil adiyaravu cheyyunna divasathin vendiyulla kaathiripp
Negative,Dislike adicha ella mammuni pooranmarkum naduviral  namaskaaaram poy rodich theerkada pooooooranmareee
Positive,Ethra kandittum mathiyakunnilla trailer. Athraykku kidu . Lal sir nte makeover athigambheeram.
Negative,Mangatholiii... Mattoru neerali avathirunaal mathi. Swam pongiyudae chandu pottu look kollaam..
Positive,Kayamkulam kochunnila nayakan lalettan allallo but kayyadi muzhuvanum kond poi...marana masss intro
Positive,lalettanum prakash rajum veendum
Positive,laletan ennum anganeya pwolichadakkum athan laletan
Positive,Prakadanam kondum perfromace kondum elllavarum theatre thakarkan pokunna mamangam🤩🤩🤩🤩🤩🤩🤩🤩🤩.....unni mukundhan oru vazhi thiriv aavate ee movie
Positive,kidukki kalakki superettante ikkaikall the best
Positive,Heavy item Trailer edit chytha aaraylm sammathikanam  Veendm veendm kaanmpo thrill kooduka allaathe kurayunila  Chumma polichadukki
Positive,Enna bodyaa mamooty iniyum oru 10 ankathinulla balyam undu.
Negative,Dis like engane thonni......adikan...... Adichavanmar  ooompikoooo Ikka ... Mass daaaaaaaaaaaaa....... Keralathinte muthue..........
Negative,Illa kaaryam mugath nokki parayum... nammakaarum bakshanam kond vannu  eetil ethikanonnula... praayamaaya veetil irikanam allathe pattatha valli thoogaruth..
Positive,Mamangam fans show kandirikkum ad ini eath time ayalum ikkayum eattanum namukk  oru Poleyalle
Positive,Vannu vannu avan vannuIkka love yuu
Negative,dislike adikkunna ella myrenmaarrum poyi oomb
Positive,Mammookka uyir like adichu pottikada makkale
Negative,ee vaga items okke kandu maduthade....oru maatavumilla.
Positive,Ikkaa ingalu oru jinn aanu ttaa....
Positive,Nte ponnnoooo enthaaa makkkale immmale ikkkkade aaa oru idh🥰🥰🥰
Negative,Ithoke dislike adikkunnathu aah theettavayarante fans aayirikum.
Positive,Mammukka ningalau muthhaaa oru rakshayilaaa kikiduuu
Positive,Oru rakshayum illa..joli kazhin ksheenichirangiya enik ippo oru energy okke thonunu.. #Mamangam
Negative,Dislike adiche  jimitttan fans n
Negative,vere vella panikk poda..nayinte mone....thantha kelava...lalettante myr nakkan polum anne kond pattillada pooraaaa...
Positive,pwolikkum #Unni #mammukka oru valya vijayam aakatte
Positive,Mamukayude bramanda thandavam njan kande.... adipoli
Positive,Onnum parayanilla.. ikka ee role polichadakkum enn sure
Negative,Ingere guhanennokke vilikkunnavarodu onne parayaanullo ingerude ee agil ningal onnukil bedil kaalaneyum kaathu allenkil photo aayi chuvaril
Positive,Ikka yude fitness at this age...vere level
Positive,Ikkante voice kelkumbo thanne romanjam.. bakki pinne parayannoo.... Ikka ningal vere level annu
Positive,Charithra purushyan  Living legend  Mahanadanam Megastar mammootty
Positive,Ikka and unni mukundan - nalla combo
Negative,Prayathinde peril ikkaye kaliyakunna ellaa naayinde makkalum nokkada 68 aam vayasil ninde oke thantha vcharichal pattoda ijjathi mass
Positive,Charitra cinema aano nayakan mamooka allae vere aarundundu abhinayikkan
Positive,Ikka.....   unni ettan    Ellarum polichutta
Negative,Dislike adicha Ella achanillathavarkkum nadu viral pranamam
Negative,Dis like addichavark ende vaka naduviral namaskaram
Positive,Mamangam oru mamangamaayi thanne kondadum... great
Positive,Romanjification enta ponnikka nigal vere leval Aanu...
Positive,adipoly making vismayam .. gambheera dlg delvry ...waiting ...
Positive,@vibin mangalassery
Negative,Dislike adichvnmar oombi kuthi irikathe ulluh
Positive,#mamangam uff ijjathi trailer oru rakshem illa poli
Negative,Pavam sanjeev pillaiku enthengilum credit kodukeda nayinte makkale
Positive,Onn parayan illa. Aadipoli. Mass ikka. Unni chettan polichu
Positive,Onn parayan illa. Aadipoli. Mass ikka. Unni chettan polichu
Positive,Ikka powlichu onnum parayanilla trailer ethanel padam enthakum
Negative,Patti vananagal okke dislike adichu thudangi ...
Positive,Mammooty  Avasaanathe aa run hentammo.. GOOSEBUMPS...
Positive,Uff. Oru rakshayumilla. 6 thavana kandu. Pwoli. Ikka mass
Positive,Otta vakkil paranjal vismayam mammookka ningal oru idhihasa taram tanne ennu veendum teliyikkunnu
Positive,Paat pole alla mone..... Ith polikkum
Positive,Entammo ella frame um poli aananno
Positive,Poli.... Ikkakk 20 yrs age kurangath pole... Enna looka
Positive,Singa Thslaivaaaaaaikkkkka katta w8ngn 8 manikk vendi nthoru kaaathiripa vaishakh annna onnum eluppam relsees cheyyney
Negative,Pokkiriraja verum trailer mathram.... Picture abhi be bakki he Bhai.... Ini rajayyde varavanu.... Orungi irunno....
Positive,Trailer irangunnadin munbe ithra likum comments irangiyaaloo adaann mammukkayude piller
Negative,Ikka haters onn ood kandam vazhy....
Positive,Record thakarkanula adya padi thooki adi waiting for raja
Negative,aaa dislike adicha poorimakkalude ammakku mohanlal anu adichu kodukkunnadu tonnunnu
Positive,Nalla viewsum subscribe um ulla channelil vidooooo trailar. Ok
Negative,Erangana mumb 285 dislike ejjayi mayrol
Negative,irangunne munne dislike adikkunna thanthakku munne undaaya makkalku midile Finger
Negative,Trailer Iranghum munbe lalappans Dislike Adikkunnath Kando . Ithil ninnum Manassilakkam Rajaye Lalappans Pedikkunnu Ennu🤣🤣
Positive,Trailer record adikkunathilum ennikishtam theatreil record adikunth kaanan aanu
Negative,Gangumayi varunnavan gangster Avan sunnyneym koottiyah verunnath 'pornstar'
Negative,Jimitt fans jimittinte theettam thinnaan nokk myrukale
Negative,Naaanavum maanavum undoda ooolakale trailer verunathinte munb Thane degrade cheyaaan.
Negative,Trailer releasin munpe vann dislike adich pokunna kure vaanangal... 🤐 antha bayam irkattum...
Positive,Raja de randam varavini kodi kayaran ini kurach manikoorukal mathram.....idikatta waiting
Positive,Trailer TRIPLE STRONG akumenu orapullavar like adik
Positive,ikkkayuda padayalikalk like adikkan ulla noolu
Positive,Trailer yethra pravashyam kandenn yenikkane ariyilla
Positive,Ettante records pottikkan ettan mathrame ollu inn malayala chinimayil
Positive,Mamagam trailer tomorrow kaathirikkunna var undakil like here
Positive,Enta ponno eppolu ntha oru ethu
Positive,Malayala cinemaye Indian film industry il uyarthiya mass thriller 'Lucifer'
Positive,Adichu makkale... 10M.. Epozhm trailer kanunnavar undo??
Positive,L2  EMPURAN LOADING SOON..KALLI THEERNILLA MAKKALLE .
Positive,10 million aayyonn nokkan vannavar indo
Negative,33k kurugal kanunnylllle dislike🤣🤣🤣🤣🤣 duranthngal pyaavam lavanmarude pramughanu youtube views illathente sangadam aavum
Positive,Ore oru rajavu lalettan  🥰 10 million views aakum
Positive,Ettan poliyanu muthanusuparanu lalaettan lalettan changinakath lalettan
Positive,L 2 LOADING KATTA WAITING LALETTA
Positive,Padam kandit kidu aayi thoni trailer kaanunvr
Positive,Lalelattanum raju ettanaumulla oru film kure kalamayi aagrahichirunnu  athu nadannathilulla santhosham pinne parrayanundo🤩🤩🤩🤩🤩
Positive,Prathviraaj
Positive,1:22 entammo ijjathi mass scenes edukkan prithvirajine konde pattathullu
Positive,inn poyi padam kandu ..ufffffff oru rakshayum illa poliii
Positive,Super mass ailla poli mass look
Positive,Oru narasimham usthad okke orumich kanda oru sughm kittyy... kuliroodu kuliru... laaleettaa... raju... no rekshaa... iniyum kaanan thonnunnavr like
Positive,Cinima kando kidu
Positive,film kandathin sheshavum trailer veendum veendum kanunnu ..hangover
Positive,Oru rekshayum illaa padam polichuuuu mass marana mass parayan vakkukal illaaaaaaaaa
Negative,Cinema Kandavar orikkalum cinema hit ennu parayathilla
Positive,Innanu film kanan pattiyathu... Mutheee lalettaaa.... Superb....
Positive,Cinema kanda pravsikal undo...entammo full romanjification
Positive,Innu pokum lucifer kaanan katta thrill aanu
Negative,Rashtriyam
Positive,Padam kandavark trailer kanumbo ulla romanjifications pwoli aaan
Positive,padam kandathinu shesham trailer repeat adichu kanunnavar adi like..
Positive,Ethine velluna oru cinema inni oru 5-6 varshatheku iranigila heaviest of heaviest   Bramandamass  Ennu urapullavar like adikuka
Positive,Lalettan massaaa verum Mass Alla kolamass lalettan ki jaiiii
Negative,24 k naarikkal eee cinema dislike ittu avanmaarku thallu kodukkuvan agraham ullavar like addi
Positive,Tovino nte speech uff vere level mass
Negative,Dhaivam  marikkugayo    endhuvaade
Positive,2 times ee movie Njan kandu
Positive,Polichu machane Lucifer ellarum kananam .
Negative,Onte oru ikkayum kunjikayum muttamurianss of the country
Negative,Muttamariyans Mammunni Myra raja team omkv
Negative,29 k Mammunni fans trailor Kandu....!
Positive,Kondu ...Qataril vachu. Eni Nattil poyi kaanum...kaananam. BEHIND POLITICAL THRILLER
Positive,Positive kittiyal pinne parayandallo.... Ettan fan aaya njan thanme kannu thalli poi bookings kandu
Positive,Kanditte ishttayillel cash ennode chothicho. Laletta still love uuuuuuuuuuuuuuuu. Prithvi thakz .......
Positive,Padam kandavarude pradhana preshanam endhennal...     Veendum veendum padam kanan thonnum  addicted! L
Positive,Padam kanda shesham trailer kandathukondu oru aaswasam.
Positive,super filim thanks rajuvetta lalettan thakarthu
Positive,Oru mass padam....... congrats Murali Gopi and prithviraj.... you guys didn’t disappoint us.
Positive,Njan veendum kanan vannu 100 pravashyam enkilum kandittundavum
Positive,Cinema kand vannathin shesham trailer onnoodi kanumbo adipoli feel
Positive,Last scene ente ponno !! Love you Love you Lalettaaa :)
Positive,ticket kittand theataril kuthi irunnu trailer kanunna njn
Positive,Kidilam padam..perfct mass class  movie
Positive,Kola masss item lalettan polichu
Positive,cinema kandu....addipoli.. adyamaayitta oru cinema adhe divasam 2 thavana theatril kaanunne
Negative,Ethokke aranavo unlike adikkuneeee.. .Aaaa Freak pennu song like adichavar analley
Positive,Oru rekshayum illa trailer laletta ingal oru maha sambhavaato
Positive,Love u lalettaaa ... prithviraj
Positive,endhake paranjalu nammal malayalikalude chungukal lalettanu màmmukkayum thanneyanu laletta kkimamukka kki
Positive,Lucifer vere level anu makkale vegam poi kanubroos...
Negative,29K Dislike adichavar Padam kandu kaanum lo... Oro Dhurendhangal...
Positive,Minimum 3 Thavana kanathathayi arum kanilla....
Positive,Nte ammo oru rakshayum illa pwoli
Positive,Ithil polikkan pokunneth aah pillera50 more newcomers aahaa
Positive,Mmade Arsha  Arsha as Devi  keri pwolikk mwuthe 🤩
Positive,Arya unniettan Rajuvettan ikka athu onnuonnaraa combination annu makkalee
Positive,Direction kidu aanennu thonnanu      Mammootyude prithvidem star value kaaranam sradhikkappedukayum cheyyum
Negative,Adutha kodaali padam looks like master piece 2.0
Positive,Nte ponnnikkkka ingal njgal fansin oru oyivum tharillley
Positive,ഇത് വേറെ level annallo machanmare...
Positive,Trailer bgm oru rakshayilla. Movie bgm kattakkayirikkum
Positive,Mammokkaaaaa .. marana mass look ...kiduveey
Positive,malayala cinema heightsukal keezhadakunnu... innevare ulla cinemakalil ninn vyathasthaamaayi chithreekarikunnu... Proud to us...
Positive,10 - 30 kollathe charithram ariyaan aayi..  katta waiting cheyyunavar ..... KERI... LIKE ADIKKADA MAKKALE.......
Positive,Aa thodakathile august cinemas eenu title card varumbol olla bgm Pwoli
Positive,aaa last bhakam marana mass #mammookka
Positive,വിജയാശംസ കൾ  nerunnu.. 333 film magic. Film channel
Negative,Trailer bore aayi .. eni movie Kandu nokkam
Positive,Ente ponnnnoooooo.... Vere level
Negative,Evante illuminati theernilleyy deivangaleeyy sukumaran saruu kanandaa...thinnu kalayum nine..
Positive,Mammukka ithil polikm enu oru katta ettan fan
Positive,Njan satyathil lalettan fana But e Trailer Oru rekshayilla Vera level pwoli
Positive,Ithu polikkum urappa...kidu..... Prithvikoodi undaavanamennu aagrahikkunnu... By a lalettan fan
Positive,alla ee ikka ithu enthu bhavichaa 2019 full aghu edukkuvano
Positive,E padam hit akum enn urapullavar like adikan ulla sthalam🥰🥰🥰
Positive,Athirappilliyude saundharyam illathaya nimisham 2:07 love uuuu mammookkkkaaaaaaa
Positive,Mammootty pwolikkum
Positive,Ikka scene vere level
Negative,Enth chaar intro aado... aa lookinulle intro illa... chalippan
Negative,ente ponno trailer kanditt padam oru 5 manikoor ulla poole
Positive,ettavum polichath bgm aanu .no raksha
Positive,Mammookka look and diolouge uff... Oru rakshayum illa
Positive,Ikaa!!  Velya promotiononum nilkathey abhinayikunna padankal hitakunna maanthrikan !!
Positive,Padam polikum
Positive,Entemmachi ..enna oru trailer... shanker ramakrishanan  ellamkondum kidilan...wow....
Positive,Ijadhi Powli Trailer  Mammookka Katta Kiduve  BGM Vere Level
Positive,Ikka maaraka look... Maranamass dialogue... Pillaerum polichuu
Positive,Ijathi item  kandittey povu 🤘🤘
Positive,Oru kolamaass dialogue um athine vellunna look um
Positive,Poli moneeee ikka thakarthu
Negative,ithu ividam kondonnum nilkilla monei.hatersei ningaludei karyama kashtam.poyi valla aduppilengannun poyi irikk.aa choodang maarattei.enna julay 5th.kaanaam allalla kaananam.
Positive,Eee trailer undakkiya avanu.....Kodukk oru salute...
Positive,Entammo...polli kl8 kdavukalkku like adikaanulla nool
Positive,John Abraham Palakkal ....Marana Mass Mammookka
Positive,Promising trailer Chummma aangu powlich adukki kaiyil koduthu Ikkkkaaaaa ente ponno ejjathi romanjam🤩
Positive,Trailer kattta waiting jhon abrham palakkal
Positive,Trailer kanditt padam hit aanenn thonnunnu
Positive,Mammookka Nte Look Vere Level
Positive,Mammookka Nte Look Vere Level
Positive,FDFS  for sure samshayam venda
Positive,Njan oru katta laletten fana but ith pwolichu alla ith pwolikum
Positive,Iriykatte mone oru kurhirapavan ente vaka feeling new era
Negative,TvM massive thirichuvaravanalo
Positive,1st show  njaan ang edukkuvaaa
Positive,Mammootiye kaanan vendi maathram rewind cheydhavar undo?.... #goosebumps
Positive,Mammukka chumma vann ang kond ppyi
Positive,അമ്പോ ടീവിയിൽ headlines kandathum oodi phoneduthu ithu kanaan .....adipoliyayittund
Positive,Ikka da makale set traler nxt hit for ikka 4 ina row now
Positive,Camera man
Positive,Very nice .mammookka muthaaanu  appo njan fds urappichu.....
Positive,Ayyo ayyo Onnum Parayan illaa
Positive,Oru  mikacha thriling movie aavum
Positive,Nalla movie aanennu thonunu.....vineeth sreenivasan undallo....
Positive,Ithu aanu trailer alathe koore cut seens kanikkal ala
Positive,Trailer 1 rekshem illah katta wi8 ing
Positive,Vineeth sreenivasane enikke vishwasa.... ithu pwolikkum
Positive,Vineeth srinivasan.....ahaa otta peru mathe.....vere onnum vendaa...
Positive,Vineeth sreenivasan ennnu kanda pinne onnum nokkanda padam vere level ayirikkum
Positive,Police pwoli anallo...lal inte thirichu varavu...
Positive,Vineeth ettan produce cheyyunna   film vere enth nokana
Positive,Oru newcomern kittavaunna etavaum nalla role....  all d bst team
Positive,Adipoli trailer movie kanan wi8ing. oru psycho indannu prathishikaam
Positive,Vineeth ettante film aayathukondu super aayirikum urappaaa
Positive,Kumbalangi nights kazhinj oru vivaravum illayrnappo vishamam thonni ..ippo ashwasamayi baby molee
Positive,Anna Ben Performance Vera Level
Positive,Nalla oru survival movie avum enn pratheekshikunnu
Positive,Vineeth sreenivasan presents
Positive,Oru tamil movie touch pole. Expect to be a good movie
Positive,Oru bhanndhavum illatha thani malayalam trailerukale polichichadukkiya trailer.
Positive,Katta waiting. Nalla padamaanennu thonnunnu.
Positive,Maarkam.... Trailer kandittu bayngara expectations aanu... Movie adu keep cheyyyanam..
Positive,Vineethangil adu supero super chodikanundo allea vineetheaaa
Positive,Pwoli padam Vijay Sreenivasin vijayashamsagal nerunnu
Positive,Oru rekshayum illa......katta waiting......mathukutty mike kondu maathram alla camera kondum njettichu kalanjirikkunnu
Positive,Ayee....orumathiri oru Tamil kathii padam pole indu.....
Negative,Enthu oola trailer mammatty lokatholvi. Ithum kondano Lucifer aayittu muttan varunne. Comedy thanne.
Positive,Kidukki.. MAMMOOKKA... KATTA WAITING... VYSHAKH SIR... HAT'S OFF U
Negative,Dislike adikkan vanna aattan paansinu naduviral നമസ്കാരം
Positive,#Mammookkaye jeevanayi kanunnavar like adich pwolikk #ikka
Positive,trailer polichu ikka Marana mass
Positive,Pulimurukan orma vannu ithu bb aakum sure
Positive,Ini vendathu oru 100kodiyanu... athu ithiloode kittatte
Negative,Kanji fans dis like adichu thakarkkunnudu
Negative,Ithilum nallath pulimurugan trailer onnoode kanunnath aayirunnu
Positive,Etu lucifere polichu adukum...... Raja return daa.....
Positive,adipoli trailer . waiting madura raja
Positive,Pokiri raja reloaded  Katta waiting  Madurai raja
Positive,raja muthalla jeevana  67 vayassilum nthoru  energy  proud to be mammoka  fan
Positive,massakkan  3.14 m venda 1.46 mathi love you raja
Positive,Kolakolli Item Ikka war mode on
Negative,vishuvinu     padakkam kittathe  iriikayirunnu... ikkayudepadakkam vannappo santhoshaaayi
Negative,Dislikes adikan vendi mathram koree naarikal... Adiyeda adi... Ninneyokke thookki adikkaa tta
Positive,Kola kolli item.. Madhura Raja MEGASTAR MAMMOOTTY KING OF KINGS
Positive,Mammookka fans like adi. Love u ikka
Positive,Raja Returns powlichu Lucifer നെ ക്കാൾ അടിപൊളി trailer
Positive,avasanethe chadiyulla adi adh polich ikkaaaaaa
Positive,Vere level ikka polikum. RAJA vere level aakum. Ikkaaaa
Positive,Enta ponno ikka kalakum van trailer
Positive,ikka vannu makkale . iniyanu kaliyude idiyude vedi pooram
Positive,Ikka oru rakshaumilla ithe kalakkum  raja da.....
Positive,Pokirirajayil ninnum nala story ulla padamaanu ennu thonnunu.
Negative,Ayyo 11 vare wte  cheyyanamalloo
Positive,Pwoli ee vishu ikkante kayile urap
Positive,Njan laalettan fana pakshe i love this movie
Positive,Eganegilum 12 aam thiyathi aaya mathiyaayirunnu katta waiting
Positive,Last aaa “THALAIVAAAA”viliyil goosebumps kittiyavarkk like adikkanullla comment
Positive,Vishukk entha special enn aarelum chodichaal ad madhuraraaja aanenn paranjeer
Positive,ikka masalla marana massa ikka fansullavar likadicholu
Positive,Enteeee moooone kidu kidu last aah adi kandappoo killi poi angna poyavarkk lik adikaaanulla sthalam
Positive,Enii adeyude ideyude veddi purraaam........apppo pakalla 12 theatrl.....uff
Positive,peter machan. onnu nokkanilla kidilen actions unadakum
Positive,Youtube adichu poi makkale.. Raja vannu......
Positive,Nammade laletttante LUCIFER anu athukum mele  LALETTAN FANS LIKE HERE
Positive,Veree leval mommukkaaaaa marana maaaas
Positive,trailerinaayi kaathirunnavar like button adich pottikkk
Positive,Ith item kollallo.. variety anu.. sambhavam kidukkum
Negative,Ee Padam Kolamavukayaanengil it will be because of Peter hein
Positive,last le aa idi ntammooo Range saanam
Positive,Ejjath oru rakshayum llaaaa katta waiting
Positive,Lucifer പോലെ Oru മരണമാസ്സ്  Trailer.Mammokka kidukki . Trailer Eshttapettavar evide Like അടി മക്കളെ
Positive,eee trailer oru cinema kanunapole irunn  kanan pattiya oru item ann  christianigalk idayil ivan oru pere ullu.. #Lucifer
Negative,Eanth oola trailer korch kanji eadukkattee🤣🤣
Positive,ഒടിയൻ polee avilllaa urapppa     lalettaaa pwolich onnum parayanillaa
Positive,എജ്ജാതി frames കിടു trailer Rajuvetta brilliant direction!!
Positive,Any way  kidu sanam...      Waiting randamuzham
Positive,Lalettane vellan Indian cinimayil arum ellllaaa...
Negative,Ithu kaanumbo aanau triple strong okke edthu kinattil idaan thonnane.....Lucifer
Positive,Unbelievable.. its Awsm .. laletta .. direction Rajuvetta
Positive,Ettan fans like button pottich kaanich kodkk
Positive,Kalipp look and katta kalipp trailer.. blood boil moment
Positive,nammal  triple strong alla    athukkum mele  lalettan da  ......................... <3<3<3<3
Positive,Ammbo onnum parayan illa enna oru bgm annu class sathanam
Positive,Polichu...  namude ലാലേട്ടൻ.. ...  rajuchettan
Negative,Ijjathi mwone keduu Rajevetan messs waiting mwone. .  Dislike adicha guhan fens angot mari nin valich ooombiko
Positive,Ithu kidukkum
Positive,Vere level trailer hype koodi varunnu lalettan and rajuvettan vere level aakki thonnunu
Positive,ithu polikkum  rajuvetta tnx alot
Positive,കൊല കൊല്ലി Item....Laletta.. Big salute to Raju ettan.. Lucifer
Positive,Pwloichu LaletTa ettaN anu njn  Terrible devil mass maranamass
Positive,Hindu kalku mahiravan islaminu ebileesu christianikalkku LUCIFER
Positive,Poliiiii oru rekshem illa katta waiting
Positive,Laletta Raju Etta all the best
Positive,Kiduuuu.. kiduuuu... Maranna item... Maranna mass BGM
Positive,Pwolichu lalettaaaaaaa engalu mass anu
Positive,Ee like button oru thavanaye adikkaan pattu allee
Positive,Lalettaa Ormavecha naalu muthal malayalikalude aaavesamaya lalettaaa
Positive,Kanan pona pooram ini paranju ariyikano
Positive,Raju ettan vere level trailer
Positive,L.. Prithviraj  lalettanilude oru adaar item thanne kond vanno...
Positive,Pwolichu..oru expectationum illathondu ithu kandu kannu thallipoyi.no reksha kidukkachi..
Negative,Dislike adikkan vendi mathram vannirikunnavanmar orupad undalloo sahikanindavula kazhuverikalk
Negative,Trailer Releasinu munne 6k dislike itta ella punnara malarukalkum nadu viral namaskaram.... Chettakale
Positive,Mass pakka mass lalettaaa #poli
Positive,Vishayam trailer onnum parayaan illa.... Lub u ettaaa
Positive,Eee vishu ettan aganu konduvaa ennu parayan paranju!!!!!!
Positive,Katta waiting 28  FDFS  SON OF DEVIL
Negative,LALETTAN  UYIR  BAKKI ELLAM VERUM  MAYIR    LALETTAN
Positive,Anna Pwoli   Ufff Maranom Mass Maranom
Positive,Ente ponnoo ijjathii marana masss
Positive,Oru raksha yil Laleetan polichuuu rajuettan nega vare level annuuuu
Positive,രോമാഞ്ചം @Peak level #Lucifer  ejjaathi!!...
Positive,Dislike adichitt karyamilla makkale ith alu vereya
Positive,Pwli pwli entammoooo reksha illa marana mass Ettan pakka masss
Positive,Deivame ith 2 manikkooril nilkkooo.Aarekooyaanithil.ho myaaarakam.Lalettan kiiiiii.🤠
Positive,Raju Ettan powli BOX tharathu
Positive,Lalettan Vere level Plus Rajuvettan Direction  And Tovino Mass
Positive,ith oru ononara muthalaa ...lalettan.....katta waitingg
Positive,L A L E T T A N   RAJUVETTA making oru raksha illya... Can't Wait......!!!!!!!!!!!!!!!!!!
Positive,Nte ponnu rakshyillaa
Positive,Trailer kanan thudangumbol 25k like
Positive,Trailer vere level last 30 seconds no reksa
Positive,Nta daivamme ....Ponnu laletta  ningal muthannu
Positive,Onnil kuduthal kanda trailer ambooo powli....
Positive,1 mnt.. I laks views.. Polichu.. Laletan massssssssssssss
Positive,Mohanlal fans like here. Trailer maran mass. Uff kidu
Negative,Dis like idunna mammuny fansukrude pratheka sradhkku.raajaye kaathu padakkathinte mahaniya shekram staginte baakil inddu sookshicha dukkkiknda
Negative,Dislike adicha sundari sundaranmarude nallathinayi namuk prarthikam
Positive,Katta ikka fan aahnu...but kidukachi trailer...FDFS kandirikum
Positive,We r waiting 4 stephen nedumumpalli.lalettan rajuvettan combo mooshamaavilla yennariyaam. Trailer polich
Positive,Ente rajuvetaa..Enthina njangale ingane romanjam kollikkunne
Negative,Fanism baadhicha Kore malaranmaar dislike adikkunnu...
Positive,#powlichu Laletta#
Positive,Kalakki.. ithu blockbuster ennu sure aayitullavar like adikk
Negative,Dislike adichaa ellaa makkalkum oru nadu viral salute ...... It's Lucifer daaa
Positive,Aentae ponnoo ithu vaerae level thannae laletta umahhh
Positive,Kidukkachi  Ingane venam mass kaanikkaan allathe alari vilichaal mass aavilla
Negative,Adhikam show kaanikkanda odiyan oruma undallo alle
Positive,Polichittund Lal ettan fans like adi
Positive,Lalettan kiduki ithu verum mass alla marana mass   FDFS ne pwolikane......  Appo engane ettan fans
Positive,Oru rakshem illaa  Lalettan  Prithvi
Positive,Pwolichu    ...  lalettaaa
Positive,Ethu 18 alla ethu athukum mele Ulla PADI Anu
Positive,2019 Mammokka angeduthunnu parayan paranju.
Positive,Lalletan fansinte ella supportum und ikka.....  Ethu porikum.... Oru samsayavum venda...
Positive,From a A10 fan.  Trailer masmarikam
Positive,Trailer kollarkium nu oru pratheeksha ondarinnu...pakshe ithu athukkum mele
Negative,Anthena maire nigal unlike adikunne nalla trailer alle
Positive,Kalippe....   by katta lalettan fan
Positive,Mammookkka s just vere level broo
Positive,FDFS locked ഒറ്റ പേര് Megastar Mamookka
Positive,Nammude swantham govt model skool...Athoru skool alla oru vigarama
Positive,Super mega hit aaayirikkum  mark
Positive,Vere Level One  Ikka - Rajuvettan
Positive,athoru valiya kadhayaa monee . paranju thudagiyaa......................super dialogue
Negative,Dislike adechath alla punnara makkalum anta veral നമസ്കാരം
Positive,Lalettan fan anu. But enk idh fans show kananam. But nadakulla. Ufff mammooka nth looka ah
Positive,Thaliyvaaaa      Ikkaaa vara level pwolichu
Positive,Model School 🤩🤩🤩 Romanjam  Trivandrum
Positive,Sudeep all the best. Trailer kalakki machanea apo padam powlikkum.
Positive,Adikkada makkale like mega star daa
Positive,Model boys pillerundodaaa adikkada makkale like
Positive,Uff.....aa last scenile look oru rakshim illatta....pwoli
Positive,Classinu class maassinu mass ijjaathi item raaju ettan      & mammookka
Negative,Dislike adikuna olikal ellam odd kadam vazhi
Positive,Ente ponnu mammokka ningalekkondu oru rakshayumillallo
Positive,Ikka evide  evide ennu nokkuvayirunu.. Vanapozhoo. Onnum parayan illa
Positive,Adich keri va makkallee ika polikkmm
Negative,Ee cbse mammunji pellare etra muttiyalum goven ment schollela pellaruda adute atella
Positive,Athoru valiya kadhaya mone...paranju thudanghiya ori paththu nuppathu kollaththe charithram parayendi varum.....uff ejjathi.ikkakatta waiting
Positive,FDFS book cheyyum ennu urappullavar ivde likikkoo
Negative,lalappan fansinte annakkil thooriya trailer 🤣🤣🤣🤣
Positive,Ente ponnu...kiduve...🥰🥰🥰🥰🥰🥰🥰🥰🥰🥰🥰🥰🥰🥰🥰🥰 Ikkkkaaaa       Kidu.bgm🥰🥰🥰
Positive,Aadhyam lalettante kude Lucifer...Ippo mammukayude koode ith....Rajuvettaaa
Positive,Njanentha ipam kande... Ivide enna oru BGM
Positive,Ee cinema ethayalum mammukaude blockbuster movie ayyirikum.100%
Positive,Ejjathi ponne vere lvl trailer  Pratheeshakalkumapuram
Positive,Prithviyude voice modulation.....oru rakshayum ilya ponne....  Kidkaachi trailer Stylish paranja itha aanu makkalle
Positive,Ente mammooka ninghale mass alla  Marana massum alla  Pakshe ninghal kolamass aanu ikka
Positive,Pwoli pwoli....vallathoru anxietyy....cinema kalakkum enn thonnunn🤗
Positive,Mammookka  love you ikkayanu loka ithihasa nayakan kolakomban...
Positive,Avasanam kanicha kurache seconds scenes kande FDFS urappichavar aarokkee
Positive,Verum gust roll nu ejjathi waiting
Positive,Guest role anenkillum mammooka poliyannu
Positive,Eth nammuk ikka fansinu oru pwoli pwolikkanam....
Positive,Vannu nammude mwuth John Abraham Palakal
Negative,Padma innaanu kande
Positive,Padam irangi Innum trailer kandu Most trusted trailer Biggest block buster 100 CRORE RAAJA
Positive,Muriv etta simhathinde shwasam garjanethakal bhayangaram ayirunu. Ijjathi comeback. Kanji chodichavark biriyani koduthu prithvi and ettan.   /\
Positive,Prithwiraj pwoli iniyum prithwirajinte ithupolathe adipoli mass padangal irangatte
Positive,Enda ponno mass padam i like it mostly
Positive,Padam kandu mass alla maranamass
Positive,Kgf poleyulla padam kanda feel.. kidilam
Positive,Pakka mass film...lalettan
Positive,Lucifer movie kanditt  ethil comment edaan vannavar like adi.....  Mass lucifer lalettan mass
Positive,lucifer kanditt trailer onnoodi kaanan vannavar like adi  hvy hvy padam
Positive,#Lucifer Cinema Kandittu Vannavar Arokkeyundu...Nice Movie  Claimax Vere Level
Positive,Vivek oberoi best villan powli 🤩🤩🤩
Positive,Etta padam kandu oru rakshayillatta another 100cr loading
Positive,laletta movie kku super response aanalloo
Positive,Mohanlalinte best 100 crore film aayirikkum urappu
Positive,Kalathu ezhunnettu ee trailer kanumbol oru unmesham kittunnudu
Negative,Enthonn trailer urakkam varunnu ellaarum nalla kidilam ennu paranju kandu nokkiyadhaa oru rasavumill A  maalapadakkam
Positive,Ettan da 6million views L.... M..wood mohanlal
Positive,Pwolicchh.kidiln editt  kidu musc  kidu cmra  kidiln acttt   andd kiduu drctr.
Negative,Da mwone madhurajaedatreum varilla ketto .nte vaka ellarkum chukavandanam
Negative,28k dislike okke pullaadaa pull...
Positive,Viswasam Pola irukkunu Adi poli congratulations
Positive,Prithviraj as zayeed masood... Ith pwolikkum
Positive,Inn Lucifer inte 27th poster kand nere ingott trailer kaaanan vannu 1:34🤗🤗🤗
Positive,trailer  verunathin munbe ore kariym parayam..   ee onam ettanum pillerum agade edukkuva
Positive,6.30 muthal kaathirikkukayaayirunnu  1st comment idaanulla bhagyam...ee Onam pwolikkum
Positive,Ee thavanathe onam pooramakkan  itty maani varunu
Positive,Ee onam ini arum nokkandaa ettan parayan paranju
Positive,Vegam 6 mani ayal mathiyayirunnu .katta waiting lalettaaaaa
Positive,Malayala cinemayude .....  Ore oru Rajavu   #Lalettan
Negative,Ee sound aanu marakkarde enkil marakkare apamanikkan edukkunna padam aayirikkum. Dress codellam apamanikkunna tharathila
Positive,Superb Laletta .....Love you lotsssss......Othiri ishtam Lalettane
Negative,Ethonnum mohanlalnu cherilla
Negative,Kutam parayunavaru Maryadaku zha parayan ariyatha team anu
Negative,Ayyeeee....dialouge presentation ottum illa....evan enge nayakan ayi? Lalunni....evanano swayam complete actor ennu vilikanee.....myran
Negative,Malappurathum kozhikkodumula jhangal eebashakett chirich mann kappi.. marakkarenna deerayodhavinte shabdam inganeyalla. Vendath.... ith mimikrikkar stegil avatharippikunna comedy paripadipoleyanallo.. ha...
Negative,Mammunniyepole oliporallithu Eathu yudham vannalum munpilundavum laettan ....dialogue delivery pirannu...ee parayunna neeyokke pedukkum padam irangiyal
Negative,Nty amoooo kunjalimarakaar 9 alla  oru pulikutti ayirunu Lal sir nigal samsarikubool Chiri varunu
Negative,Dialogue presentation valare mosham padam moonjaali markkaar akumo
Negative,Lalettande Innathe level kande asooyade kuru pottiyavammarde 5.1K dislike
Negative,Pirates of the Caribbean .. Peru maati ettal aalkar chilappol like adikkum..  Aale pattikkan eniyum engane nalla nalla teasers pratheekshikkunnu.
Positive,Marakkar polichadukkum Mone kando laletta Love you
Negative,Muriyandi mammunniyude sudappi fansinaanu kuru vallathe pottunnath..
Negative,Paringgiyude munbhil thalakumbit nikkaan kunnjaalik patulla....appo aara muttu madakkiywth(rss) thannje...cherupp nakkikal...  Kaanada punnjara makkale...musalmaante chankoottam....
Negative,Laletta nalla cinemaye language loode illathakkalle njangalkku sada language mathi
Negative,Ithu enthanu kilichundan mambazhamb 2 parto..hihi comedy padamanennu thonunnu
Negative,Inganeyumundo pottanmaar... Pramukhanmaar... FAN made aanu hey.... Ha ha
Negative,lalettan sound ......................:) :) koothara style tone..
Negative,Pirates of carbien aarum kanditilananu mone ninte vicharam
Positive,Katta waitinggg....  lalettaaaaaaa.... Luv u so much..
Negative,Ipo allarkkum manasilayille lalunni charitra padam cheytal ingane undakum enn this is odiyan 2
Negative,Mammookaye pole dailog eathu salgilum prasant cheyyan kazhiyillannu ippo eniku manasilaayi
Negative,Njaan mammoka faan aayi... laletta aaa pazhashirajayum chathiyan chanduvum oke onnu poyi kaanu...
Negative,Malayaala sinimayil Mammuttikkaan etharathilulla kadhalaathram nannaayi cherunnath
Negative,Thugs of hindhustan film aahn marakar enn paranj kanikkunnath
Negative,Pazassiraja  ennu parannu  chilakunnavar  orkuka athu flop nnu
Negative,priya dharshante vijaram muslimsinte slag eppolum inganeyanna....endhu dialoga boru aanu dialogue shaili mattuga...
Negative,Ethenna pottan kaliyo idhano big budget cenimede dialoge
Positive,Aahh kaalathille Muslim baasha enganaanoo athu polle thanneyanu lallettan ithill present cheyithirrikunnee Padam polkummmm
Positive,Etinte camera man super Annu big salute
Negative,Ith  arabikkadalinte simhamalla Hippo Pottamaas.Kunjali marakkare Baahubali dressokke itt priyadarshan abhamanikkunnu.Cashing vendi charithrathe Valachodikkunnu.
Negative,Ee thadiyanano nammale kunjali marakkar aayi abinayikkunnath ??? Prithviraj or Mammootty cheyyanda role aanu
Negative,Dialogue pora msmmookka paranjaal onnoode ushaaraayene
Negative,Dialog  bora ettan .saatha dilogu matre pattu .dileep .mammoka  dilogu suppera
Negative,Ithenthu killichundan mambazhama.... ithokke namude raju ettanu koduthal pollichadukiyene..
Negative,Ee shareeramulla manushyanevech ee padam cheydh kulamakarudh plees
Positive,90sil kaalapani pole oru film edutha priyadharshan ithu oru valiya karaym onnum alla
Negative,Copy cheythathu moshamayi poi chethatho cheythu korachu nannayi cheyyamayirunnu
Positive,Jayasurya chettan mass lookaaa pakka mass don
Negative,Moood poyi mood poyi aa sabune kandappol mood poyi
Positive,Versatile Star Jayasurya  Mass kaa baap  pwoli item loading.......
Positive,trailer kandu full comedy aanannu manasilakkivar evde come on
Positive,Vijay baby sir adipoli trailer sir.....
Positive,Thakarthu Jayettaa..  katta waiting for Pullu Giri n Team
Positive,Ith joyettan mass aaya item aanalo
Positive,Enta ponnu jayettooiiiii ingalu mmde thrissurle polichadakkindalloo
Positive,Kidukkachi  ...katta waiting 4 Pooram....vijil polichu
Positive,Eee Christmas jayettan edkuva  mmade tcr pooram
Positive,Kurach massum aayittanallo jayetta ipravishathe varav
Positive,Oru pooram Trilar Vijariichu Vannappooo oRu Mass Trilar aayiii thoonniyavarr Like Aahdii.....
Positive,Jayettante oru idi padam kanditt kure naalayi ithil polikkum
Positive,Trailer Oru rakshyum illa adi poli jayettan takarkkum
Positive,Padam kandu .....sidheeq ikka ....karayipikum alle ..ithoru sheelavakanda
Positive,Kidilam padam...direction ennoke paranja ithaanu mone
Negative,Kandathil vech mungiya pdam  Rating 1.1/5
Positive,adiyum bahalavumillathe swasthamayi kandirikkan pattunna oru nalla cinema
Positive,Jaathee mathangalkk adheedhamaayi manushyaneyaanu snehikkendath enna threadil cinema thudangi athe threadil cinema avasaanippicha samvidaayakanu irikkatte oru kuthirappavan
Negative,oronnu padam pidikan irangum..paisa poyathinte  deshyam kondanu ivide trailer thappipidichu comment cheyyunnnathu..arum kanallu .. thank me later
Negative,Ivantae mukhath akae oru expression mathramae ullu  mandhabudhiyudae.
Negative,Myru padam Cash poyii.... Eee kunnakk inganathe padam cheyyathe irunna pore....
Positive,Feel good movie 2019 le best movie aavum ithu urappu
Positive,katttttttttta wtng aadhyamaaayi dileepinte flm wtng aaanu njn.
Negative,Ella frauds um koottathode undallo...naari dileep
Negative,Waste trailer
Positive,Deleep atta padam orappu maga hit
Positive,Dileepetan cinemeyilum yadartha jividhatilum vijayikum.all the best dileepetta
Positive,Arokke endokke paranjalum ingal Mmale changan Dileepetta
Positive,ട്രൈലെർ കിടു  Wishes to Janapriya Nayakan Dileepettan from Lalettan Fans
Negative,Anusitharayude abinayam rassamilla kaanan yella fillmilum kanakkaan (my personal opinion)
Negative,Oh iyalude Ela padavum iyalu jailil kidana anubavavumayi copy Anu Nala pila anu enu kqnikan akum.
Positive,trending ennu kaanumbol Katta dileepeatan fanaya aalukalk indavunna Oru.. santhosham  athu paranju ariyikan. patulaeatan  ishtam
Negative,16 nilayil pottum.. serial pole undu trailer.. valla kizhangum parilkkaan poda kovala ...
Positive,Nammude mutth veedum vannu polikkum muthe
Positive,Enthoke paranjalum anu mol Dhileepettanu nallonam cherunnund
Positive,Njangal Ikka Fansinte Swantham Ettan . DILEEPETTAN
Positive,Trailer pwolliiii Eni padam koodi set ayaaa
Positive,Trailer pwolliiii Eni padam koodi set ayaaa
Positive,Ente ponnuu dileepetta trailer polichu ikkayude aniyanu dileepettanu vijayashamsakal nerunnu dileepettan peruthishtam ikka uyir
Positive,Dileepettaaa...last dialogue Karayippichallo... .5 second  Lalettan kazhinja dileepettan aanh full senti
Positive,E movie  super hitt urappa
Negative,ഈ കഴുവേർട മോനെ ഇനീം support cheyyan paadilla...
Positive,Eee padam oru above feel good movie aayirikkum een pratheekshikku...DILEEPETTAN. ..love you....
Positive,dileep  first day kaanan pokum family aayitt.. dileepinte cinema aanenn paranjalle..ammayum wifeum cinema kanan varukayullu.. ingane aan pandu muthale..
Positive,No words dileepettaaa... best actor and janapriya nayakan beautiful trailer
Positive,Poli oru rakshayum illa...  dileep ettan...
Positive,Oru marana mass chitramaavatte laleeta lucifer
Negative,27k dis like athinu mathram enthu kuravanu ningal ea teasaril kandathu
Positive,laletta na pole orale ullu malayalikalude ahagaramaya mohnlal
Positive,trailer kollam padam koodi kanatte ennitt parayam bakki masss trailer
Positive,Prithvirajnte movie alle...Appol aa oru standard prathikeshikam.... Trailer kalakki
Positive,lalettan maranamass ... rajuvettan claass dirctn... THEATER POORAPARAMBU AKAN INI ENTH VENAM
Positive,Mohanlalinte ee cinema pottiyaal njan ellarkkum 1crore rupees kodukkum.................. kodikkendivarilla ennnaram...... because its MOHANLAL
Positive,Ethu polikkum pinnalla
Negative,Kashtam 27k pottanmaaru ee keralathil indello daivame... Dislike kandille.
Positive,Lalettan nu pakaram vekkaanaarumillaaa
Positive,Wow  katta maas movie.... ....waiting
Negative,Eethe tendikalada....  Dislike adikyan varunne.
Positive,Raju ettan powli
Positive,Ho...oru azhchak ithrayum Neelam ondo?... Idikkatta waiting...
Positive,marana mass Lalettan  From Tamilnadu
Positive,Eattante pscho Fan ....  Loooov u  soooo much....... Laletttaaaaa
Positive,അടിപൊളി....  ikka fan aaya enik polum romanjam
Positive,Trailer oru rashilla kili poyi laletta poli anitta
Positive,5M  Ettanum pillarum katta stronga makkale
Positive,Moonu divasam no 1 trending on youtube
Positive,Lallettaaa polichhuu uff ejjaadi look trailer polichuu
Positive,Lalettan oru vigaram mathram alla nammude ahangaram aanu....
Positive,Moonnam divasavum trending no:1 Ettan
Positive,Again Again Rajuvettan Theertha Ee vismayam kanaan vanne nokkunavarundoo...
Positive,Oru vattam kandittum veendum kanan vannavar like adikke...
Positive,Daily vann oru pathu thavana engilum repeat adich kaanunnath njn maathramaanoo..
Positive,Katta waitingRaju eattan tovino  lallettan
Positive,Ithada mass ..!!! Enta laletta ummmmaaaa...!!! 🥰🥰
Positive,Mohanlal prithvi fans like adik lucifer bamber hit akum
Positive,Exam kazhiyatte makkale... enikkum onnu armandukkanam..oh..
Positive,Lalettan polikkum. Raju ettanum lalattan ishttam marikkunna vare chunk ayi kondu nadakkunum ente lalattan ne
Positive,Chunk alla chunk edippanu lalettan like addicho makale
Negative,Dislike adich kali makkale.....  Athre ninneyekkekond pattu....
Negative,Ethra Alinja oru padam Mr mammotty nirthi poekode do🤬🤬🤬🤬🤬🤬🤬🤬🤬🤬🤬🤬🤬🤬🤬🤬🤬🤬🤬🤬🤬🤬🤬🤬🤬🤬🤬🤬
Negative,Jai marikkunnath kandappol othiri sangadamaayi
Positive,Nalla padam aanu enthinu aanu thallu padam ennu paranyunne nn mathram ariyilla.nalla degrading ind
Positive,Raja tittle ulla mamootty cinemakalellam super aanu 100%
Positive,2010 annum 2019 eenu raja super   aanu
Negative,Mammoonny .... Komali... Loka tholvi. Sammathikkunnavar Like Adikku
Positive,Njan kandthan padm but onum koodi kanan thonun.. Ellrkm koodi onum koodi fans show vach poyalocalicut illor evde
Positive,Nalla poli cinema maaas..padam mammookka polichadukki
Negative,Asooya paadilla. Abrahaminte Santhathikale ivde kandillallo?  Thallu aanenkilum ithupolonnu ethikk. Ennit ivde vaa :
Positive,Njan 5 vattam kadhu super padam mammookkaki ummaaaaaa
Positive,Oru raksha illa makkal poli padam like
Positive,Madura raja  vere level padam annu
Negative,pls 1nu movie kanu chirikkathaver chirikkum  pattuna pani nokkuva ea70 vazhzsil pls prayathe bhamanikkunu
Positive,mamooka mas alla marana mas aan
Negative,Enna koora padama . Mamooty ullond kandirikam . Nalle boradiikkuna padam sthiram kadha
Negative,ellum shamikkum sunny chechiye villichu veruthi apamanichu vittathu orikkalum shamikkilla film kandavark manasilavum mosham  dialogs
Positive,cinema kandu adipwli aayrnnuuuu njn oru ettan fan aanu pakshe enik ishtapettu jai super
Positive,Madhuraraaja kandu super adipoli ellarum kaananam
Positive,Vysakh etta padam kandu  oru raksheyum illaa  powliii Ningal marnamassalla athukkum mele aan Waiting for #Minister Raja
Negative,paandi raaja .Annan thanbi.pandi padam nirthi Lucifer movie  pole maaran sramik
Positive,simha thailvaaaaaaaa ie pravasham double strongalla  triple strong  raja solunathdanda seyuve  seyunate mathram soluve mammmoookkaa polikkum
Positive,Ikka polechuu vendum .....marna mass anuu
Positive,padam vere leval kandu  ada oru figth
Positive,Madhura raja....kandadhil vechu adipoli thagarppan movie...mammukka
Positive,Padam kandittu varunnnavar undooo .... MADHURARAJA oree pwoli   MAMMOKKA PWOLICHUU
Positive,Mammookka porichu...salim kumarinte comedy kalakki
Positive,Padam kandu
Positive,Suraj Ettan nn kuruch koodi screen time kodukayirinu... Prithiviraj de direction reference kaliki  Overall pwoli padam
Positive,Movie kandu super movie anu nalla oru story undu
Positive,Padam nalladalla ennulla abiprayam kettukond poya enik Predeeshichadilum nalla super padam kanan kaziju Cash povilla 101%
Positive,Padam kidu mooneee kaanan marakkalle ethupole padam kandillegill you is bad man
Positive,Sunny leon undo enna poyi kananam
Positive,Ineeem ineem poy kanan thonnuvaaa
Positive,Moopar ottakka vannad... ottak thanne kond povum.... Raja
Positive,Pinnem Pinnem Kanuvaaa   Thalaivaaaaaaaaaaaaaaaaaaaaaaaaaaaaaaaaaaa
Negative,Mohanlalile ishtapetta vekthiyayirunnu njan pakshe superstar sarojkumar enna movie kandathinushesham enikkmanassilayi
Positive,Ikka ingale nammude chunkane........Love You Ikkkaaa
Positive,Nalla trailer thann njangale patichule  vendayirunnu moshamayi ikka fansine tholpichu
Positive,Ethilum valiya masSs eni ella  Padam 100 crore loading
Positive,Padam heavy.padam kandathinu Shesham trailer kanan vannavar
Positive,Pandam kandathinju shesham vanavar ethra perund pwli padam uff
Positive,Comments vayichppo oru karyam manasilayi.... Ethu njagade LALETTAN ANN
Positive,#brothersday yil prithwiraj sukumaran #LAD il mallika sukumaran #ittimaniyil late sukumaran This onam polikkum
Negative,Trailer kandathode padathinu oru theerumaanayi chali padam
Positive,njan oru ikka fanannengilum lalettan onnam polikatte
Positive,Poli trailer padam adutta 100 crore
Positive,Enikku onnum kananda .. Angadu poliku ente itticha
Positive,Ivanittoru poosha angu pooshiyalo....   Ittichan poli kidu
Positive,ethu type roleum ettante kayil safe aanu... sambhavam kidukum... fans show bookedettan uyir..
Negative,Iniyum Antonyude 100
Positive,Aamaye vellathil mukkikkollunna inam.  Hareesh kanaran rocks
Positive,0:30 Theatre ilaki mariyan povunna scene 🤗🤗
Positive,Ittichaya aa pothirachi dilogue....... noominu angu bheshayi istaayii...anyway achayan marennu paranjal athu oru bhaagyama....
Negative,No hope oru disaster manakunu
Positive,Laleetanu ikka fansite  Best of luck
Positive,Laleetanu ikka fansite  Best of luck
Negative,Mattoru china town aavathirunnal mathiyayrunnu.. nalla ooola trailer
Positive,Lalettante ittimanikk...njanga ikkayude piller vaka best of luck
Positive,Ettimani thakarkkum lalettan polichadukkum onathinu verarum aduthu polum ethilla urappu
Positive,Onam lalettan eduthu ennu parayan paranju
Positive,Aah...kidukki....teaserile niraasha...trailerum bomma paatumothukki..... Ss...i am thrilled...
Positive,Vellimoonga pole oru padam aanen thonunn.... polikkum
Positive,Katta ikka fan aahnu anaalum A10nte padavum A10neyum ishttam Katta waiting for ittimaani first day first show
Negative,Thrissur baasha athra pora ennu trailer Kanda ppl enikku thonni ningalko?
Positive,Ettan pwoli.. Engane abinayikunnu ethra cute ayyitte
Positive,LalettaN Poli 2 kg Potherachi Vangi Veetil Ponam🤩ഇട്ടിച്ചൻ
Negative,Looks totally hopeless....Oru Kannan thamarakulam level padam aakumnnu thonninu...
Positive,Nalla kidilan trailer. nalla oru family entertainer aanenu thonnunu
Positive,Lallikkka polich eee...kanditum kandittum kodhitheerunnnillla...ante vismayameeee
Positive,Entho ishtam aanu ellarkum ee Ittimaniye
Positive,Kitti njangalak njagade aa pazhaya lalettane thirichu kitti
Negative,Kuthiyirunn dislike adikkand
Positive,appo E onam  apo ettanum pillerum angu edukua
Positive,Ettan ee onam angu eduthu makkale‼‼
Positive,Ee onam njangal ing edukkuvaa..... ee ittichan...
Positive,Ittymaani trailer kalakki polichu thimirthu ee onam nammal ingedukkuvaa
Positive,Ee onam ettante pillerk ullatha ettante kude ee aniyan marrum kanumenn parajekk
Positive,Negative aayi onmilla   eattn polikm
Positive,Ee onam njan ingu edukkuva.... #Lalettan
Positive,machaane ith polikkum......ittichante vaka oru sample vedikett maathram...ini theater pooraparambaakkkaan...ittichan oru varavukoodi varunnundenn paranjekkk......(ittimani)
Positive,Ittichan Polichuuuu Onam Lalettan eduthu ennu parayan Paranju
Positive,Adipwoli comedy trailer aane ettaaa  ittichaayan
Positive,Oru comedy entertainer aarikkum
Positive,Appol Ee onAm thinne Ittivhenday Vaka oru Sample Vedikettu Undakumm   LALETTAN UYYIR
Positive,Uff  ijaathi trailer.. adipoli #Mohanlalwood #Eeh onam nammakada makkale #ittichayan #Ettan
Positive,L'  nu shesham pradhiksha koodathe erikkumo 'L' alettaaa...
Positive,Onnnum parayanilla... Ee onam ettan ingeduthu makkale...
Positive,Erangunnathinu munbu Thane 4.2k like aayi trailern
Positive,Pwoolich....adhya 3 manikkoor il...30k kku mukalil views....
Positive,Hambo ..Vere level ..Oru rakshayum illa
Negative,Adar item..  dislikes adichavanmark ente naduviral namaskaram ...
Positive,pwolich.... onnum parayanillaaa.... katta waiting....... ikkaaa.........BGM oru rekshayum illaaa
Positive,Jn ettan fan aanu parayan ullath parayanamallo ikka polichu
Positive,Enna masss  bgm  Gopi sunder BMG's  vere level
Positive,Ente ponnoooooooooooo nammude sontham ichaka mamoookkaaaa ummma cinima kanan kothiyakunnu
Positive,38000000 viewrs oh my goddddddddddddddddd  megastar the gr8
Positive,kolaam.. nala randu thriller aanalo iprashyam orumich irangaan ponath...  nice teaser mammukkaye kanaan pateela. .. DOP and edit
Positive,Onnum than e parayanilla bgm kalakki
Negative,Iyaalkkokke cinema nirthi DQ nte makkale nokki veettil irunnoode..?
Positive,mammokka kidukkum .. katta waiting
Positive,38k views 20k like polichu
Positive,TGFnum masterpiecenum shesham adutha vvan hit aakan pokkunna film
Positive,Prithvi yude memories um Ekka yude big b yum orimich kalicha poale
Positive,ഇജ്ജാതി bgm. Vere level. Pwlichuu. Thakarthy. Mammookkka.
Positive,REPEAT mode on vere level item kola mass bgm
Positive,Applause from an ettan fan... Mammukka katta swag
Positive,Ente ponno oru rkshayum illa
Positive,Haneef adeni pwolikkum  Maass trailer  Mommookkayude Face kanum yenn pradeekshichu  Sambavam marana maass aann
Negative,Second vechu dislike ivane okke samathikkanam ..
Positive,Nalla kidilan trailer . Ithu kidukkum.wowww......
Positive,Pwolichu Bgm Vere Level Ikka Waiting
Positive,Adipoli trailer lalettan faninte ella supportum undakum ikka kiduki
Positive,Ohhh ikkaaaa Enthane nigaleee mass kanichu kolluvo..... Love U And Katta waiting..... PDFs orapichuuu
Positive,Etra Varsham Kayinnalum mammoka Ath or Haram aaan
Positive,Myarakam ikka  Hollywood direction and visuals
Positive,Njn oru ettan fan ahnu.trailer pwolichuttoo ikka superr abhrahm pwolikm
Negative,Veendum slow motion kanichu alukale vadiyakkan ethittundu
Positive,redy ayikko makkalee.. vedikettinu thiri koluthi..
Positive,Kidivey ennu parayunnilla athilum valuthIkka prathekshakalkkappuram
Positive,Adipoli Vere level  Aayttam ethumathi fdfs polichadukkan
Negative,Ente ikka ningale vellan oru lalapanum pattula
Positive,don't do dislike .ikka polichu super
Positive,Enth parayana ...pwolich adukki Bgm Vera level
Positive,Ithentha big b remakeoo Ennayaalum maassssss item annn mammuka vere level
Positive,Njan oru katta eettan fan aayirunnu pazhassiraja kandadode oru ikkaa fan aayi Abraham polich  Ikkaaa polich Ikka bakthan
Positive,Kidukachi trailer... Bgm oru rekshayum ella.....
Positive,entay ponnoo kola kolli item vannu makkaleay
Positive,ikka oru rakshayum illa ajathi item
Positive,Ith verum mass alla marana mass
Positive,Ikka pwli...padam 100 days urappu....adiyada makkale ikka kku oru like...
Positive,Pakka mass..... Ikkka heavy    Bgm pwolich
Positive,Mammookkka ningal mwuth aaann
Negative,ONKV ood neeraliii kandam vazhiii Ikka marana mass
Positive,Kandittu malayala cinimak nalloru savidayakan koodi kittum ennoru thonal
Negative,500 + dislikes .. Endonadey... Endu kandit aane  dislike adkne
Positive,Ithine ale teaser en vilikunne? enthayalum kidukki
Positive,entammo.........onnum parayaaanilla......vaakukalku appuram.......romanjaaam at it's peak
Negative,unlike adicha ella oolakalum ivide thanne kaananam tta
Positive,Ikkayude johny walker ormma varunnuu vere level
Positive,Ikka vere level Mass bgm pwli  Ikka mwth
Positive,Ninglu kuttam paranjooo... But music pwoli aanuu gopi annan mass
Positive,Da ikka da mass da ikka ummmaaaa
Positive,Ee varshatthe maraka mass padam kidu bgm
Positive,30 minute 34 k views padam poorikum
Positive,Uff Mammookka'$ entry BGM Stunning trailer
Positive,Memories inu shesham nalloru triller pratheeshikkunnu
Positive,Hvy bgm.... Hvy trailer....... Hvy massssssssss...... Ikkaaaaaaaaaa polikkumm.... Romanjam kond irikan vayya.... Ikka inga polikkum
Positive,Nte ponno oru rakshayum illatta makinggg......polichu....MAMMOOKKAA
Positive,Pwlichu........... Ikkka pwlichu  മാസ്സ് പടം.. ... Hollywood cut..
Positive,kollakolli item enne paraju kettate ullu eppol kando first day locked
Positive,Mass  Ikka  Terror bgm Ithu pwolikum
Positive,njn kandathl Etavum mikacha trailer yennu thanne prym #ikka <3 .. #Ennum ikka
Positive,Vere Level...... Trailer pwoli......  Bgm katta mass....
Positive,Ikkaa vere levelaaaa.. Masss ka baap
Positive,Reapettt mode..on...!!. Enne ividenn arenkhillum onn  kondopoko...????
Positive,Ikkha Mess aanu  #mamookkha  #dq
Positive,Neerali release date epozha makkale ..... Perunnal Derrick abraham angu eduthu makkale
Positive,Screen presence il mass kanikaan mammukka kazhinjitte mattaarum
Positive,Heavy Stills onnum oru rekshem illa adipoli fdfs locked
Positive,Hollywood style...mammukka Box office kidukkum..mass stylish thriller aayirikkum...
Negative,Ikkas padakkam number 04 of 2018 loading
Positive,vere level trailer and bgm gopi sunder musical
Positive,Vere aarkund makkale ee prayathil ingane mass kaanikunne oru hero
Negative,aaa dislike adikkunnavanmar verarumalla complete actorinte sperm
Positive,Uffff  Ussar look mammookka
Positive,Mammookka....mass n style kanikan...ningale kazhinjeyullu malayalathil vere nadanmar.. #style #mass #bgm #dop #mammookka vere level... Fdfs locked
Positive,Pwolicheeee mammookkaa ingalu oru maha sagaram thanneyaaa
Positive,romancham ennokke paranja koranji pogum ....athukkum mele
Positive,Enta ikka polichu   Kidu item  Ethu polikkum
Positive,Adipoli
Positive,Polichu
Positive,Youtube enagne  hang akathirikkum .korach koodiya item alle vannikkn
Positive,Oru rakshayum illa ikka ingal yendhon manusyanaaa itihasam
Positive,Kurach kathirunnenkil entha
Positive,Annum ennum ennum ikka mass 🤩🥰
Positive,Ith bumber hit aavum enn urappullavar
Positive,Uff poli... Mammookkede aaa ottam oru rekshayilla
Positive,Ithu pole bgm ulla mass trailer ithu vare iragiyittila .
Positive,Madhuraraja and abrahaminte santhathikal .........vere level
Positive,masss effect
Positive,Ente ponnoo.. Gopi Sundar .. Ingal poliyanu bro.. Mammookane pinne enthu parayaan oru raksheellaaa
Positive,Kidu bgm for ikka kidu movie super
Positive,ankilinteyum parolinteyum parajayathinu shesham mammokkayude shakthamaya thirichu varavu
Positive,Big b ikka annum innum top lookillum abhinayathilum
Positive,PazhKkam koodubol veeryam koodunna veenanu ikka
Positive,Maranamass padam....Padam kandittum njan thaa trailer kaanunnu
Positive,Pala chettakalum chelakkatte ith onnonnara padaman
Positive,2 million views!68k likes!!!!! IKKA vera level.......
Positive,padam ennum kandu  eppazum kannan thonunna padam
Negative,Padam parama Koothara
Positive,Cinema vizag kandu... Polichu ... Super duper hit
Negative,Maryathakku oru trailer polym irakaan arillaaayy
Positive,Nyan lalettan faanannu pakshe stylishaayitttu ijjathi padangal chyyan ikkakku kazhiyullu
Negative,Banal trash. Panavum nashtam samayavum nashtam.
Positive,Mammookka ningal oru sambhavam thanne
Positive,Enna looks ikkaaaa. U r really maaaassss. Heavy film. Romaanjification at the peak.
Positive,Entammmo kidilan teaser.  Like big B....
Positive,kidu padam jst watched ponnikka ingala maranamass aanu
Positive,Padam kand
Positive,machaa.......aa BGM ente manasill angottu keri polipolikukayaanu
Positive,Padam polichu mass + class movie
Positive,Ponnikkaaa.  Kanditum kanditum mathivarunnilla engale...
Positive,Super film adipoli next joshy director enu paryam
Positive,onnum parayanilla mammoka superb bgm woww
Positive,padam vere level aanu  big B ye kaalum mass aanu
Positive,Ho aaa BGM. Mammookka ithu oru pwoli pwolikkum
Positive,ikka oru raksha illa super waiting
Positive,Ikkayude adya 100cr padamakum ithennu urappullavar like adi
Positive,ith pwolikkum enn urappullavar adi like
Positive,ikkante mugham illathe thanne super mugham koode kanichenkil enthavum avastha
Positive,ikkade ethu videoyum trendingill undaavum athu 1m mugalill views
Positive,verey level maranamaass neeralikk polumilla 1 m views
Positive,Oru rakshyum ellaa bgm hats off gopi sundar chettaaa
Positive,Oru yugam bharicha chakravarthiyude randam udayam
Positive,kalakki ikka ith adar item arikkum
Positive,Ente ponnikka...ningalu Oru rekshayum illa.... polichadukki... idikkatta waiting...
Positive,Malayala cinemayude charithram mattan deric abraham june 16 ethum
Positive,Vera oru nadaneyum mosham parayan njanilla ennalum ijjathi items ee prayathilum nalkan ee megastarinu mathrame kazhiyukayollu
Positive,O ikka polichu 68am vayasillum mass lookka
Positive,Youthanmarude youthan njanmmala ikka#FDFS# katta w8ing
Negative,Neerali backilekk mari ninnollu Karanam verunnath Abrahaminte pidithama athil neerali churungi pokum..#Abrahaminte_Santhathikal Rise up. ..padam blockbuster hit aavum aavum
Positive,Tgf teaser kola mass aanenkil.... Abrahaminte santhathikal trailer kodoora maassum alla... Athukkum mele aanu !!
Positive,Mammookkaa polichuuu hvy trailer katta waiting
Negative,Mammootty fieldoutaayi ennu rodhikkunna fans ee trailor kandittu vaayil viralitottirikkayaaanu
Positive,ikkaa polichu.. big b mood poli bgm
Positive,Ikka mass Kolamass no raksha
Positive,Ethu pollickum 2 days kondu 1 millon pulimuragan 3 days edathu 1 million adikkan  Ekka da
Positive,Pwoli trailer  BGM vere level  Ithokke kandal mathi ithil ninne manassilakkam box office poorakkadal akum
Positive,June 16 Keralakara ilakki marikkum ikka
Positive,gopi anna polichu bgm BIG B ku shesham  veendum kidu
Positive,Namichuuu Ikkaa. Engaluuu pwoliiiyaaanu . Love you ekka
Positive,Enna kidu bgm ahnu ikka
Positive,Kolamass alla Marana mass alla adhukkumeleya nummedae ikka  Ikka ki jayyi
Positive,All the bst mamukkaby katta lalettan faan
Positive,Njan oru ikka fan alla paksha as a malayali i am katta weiting for raja 2
Positive,Long live ikka  Long live ettan  Long live Malayalam movie
Positive,Prayaththe vellunna meyazhakkam ulla nadanan megastar.prayam marannulla aareyum athishayippikkunna actions aan enikk eetavum kooduthal ishtappettath
Positive,aadyam Lucifer eni raja ...box officinta kaaryatil teerumanamayi
Negative,Padam flop aavm Enna Kaaryathil oru doubtum illa....
Negative,Ayyeee Lucifer Oru political movie athine copy adichu madura raja Ee cinema director COPY SUNDAR  aano🤭
Negative,Ooo mire. Njn vicharich teaser Poole uumbiyath aayirikkum nn. Id verre level kolakolli itemm..
Positive,Lalettan fan aanu. Lucifer thakarthu. Ithum adipoli aakatte ennu aashamsikkunnu...
Positive,Chechiuede mukham kandu like  cheythavar aroke ikka
Positive,Trailer  kalaki Pwolichu  madhura raja cenimakku vendi katta waiting
Negative,Trailer pora comedy okkae nalla katta chali avan high chance kanunnu.
Positive,.35 oru pulimurukan touch vannu .enthayaalum sambavam kidkeetund
Positive,Njan oru a10 fan aanu but ithu kollaam...... nammade ikka poliyaanuu..... all the best......
Positive,Pwoli pwoli...  Raja sollaruth mattum tha seyyum  seyyaruth mattum tha sollum
Positive,Ine lucifar  loosaavum  illenkil raaja loosakkum ntammo kidu mammookka
Negative,Trailer kandappo oru karym manasilayi eni mammooka fans luciferine velluvilikkilla
Positive,Ikka kathirikunuuuuu orupadu predhishyodaii madhura Raj valiy vijayum kaikolatai annu ashamsikunu
Positive,Trailer ndoke erakiyalum lalettante record thakarkan lalettanu matre pattu
Negative,enthinaannu allukal dislike adichu koottunnathu ennu enikku manassilaavunnillaa
Positive,Mamooka ishtam. Ennitum Njan Lucifer kandu laletante acting Kidu anennu mammokka fan aya enik parayAthirikan pattilla..
Positive,Tripple strong nnn paranjapam daridryam akumn vjarich....idh takarthuto....waiting...ee prayatilum thalarata aavesham....ingal vallatoru manusyan thanne
Positive,Lucifer oppam pidichunilkanulla ella adavumaayittannu varavu kaathirunnu kaanam adiyude vediyude podipooram
Negative,Sudappikal kuttathode vannu thalli thalli thurimezhugunundallloooo
Positive,Pwli oru rakshyum illa muthaa ikkaaa
Positive,Avasanathe idi veendum veendum kandavar ethra und
Positive,Nigal polike ikka katta ikka fan
Positive,Raajayum pillerum triple strong ennu teaseril. Prithvirajinte oru cameo manakkunnu.
Positive,Randu perum vishu angot kondu poyi...... Malayalam cinema industryde uyarthu ezhunelpum
Positive,Wowww ekkaaaa I love you mmaaaa
Positive,KATTA WAITING.BGM POLICHU ORU RAKSHAYUMILLA.SUPER.MEGASTAR MAMMOOKKA
Positive,Ayo last aaa stund yente ponnu ikka
Positive,trailer  marana  mass  mammoka  magastar
Positive,Lusifar and madura Raja 100Codi clubil kayaranam apo indiyil atvum valiya indastrey Malayalam film indastrey avum
Positive,Last aa adi... Ammo onnim parayaanilla
Negative,Luciferinte athrayum eatthilla ninte vatturaja pinna sunny chechie ullathu kondu kaanaaaam
Positive,തീപ്പൊരി waiting ah  raja  mammookka
Positive,Arokke nthokke paranjalum ikka njngade swanthon njngalk 100 kodeem 200 kodeem onm vnda
Positive,Ithu oru poli polikum മാസ്സ് item
Positive,Superb ikka njn oru ettan ഫാൻ
Positive,Sunny chechiye Kannan vannavar Eveda onnu like adukku.
Positive,Rajayum pillerum stronga fourble strong waiting madhuraraja
Positive,Ikka polikku numma A10 pilleru kude ondu..
Negative,Ee role mammookkak aahnnu cherunathu anu arinja...lalettan fans right now kurupottikal....🤣🤣🤣🤣
Negative,enthu myru dailogado ikkayude ketitile athu pole para mo e.
Negative,Padam onnu eragikotteda pahayanmare appalekum chelakkan kuthirikunu ororthanmaru.. Onnu poyinada..
Negative,Aah nalla best marakkar...sound kettal thanne ariyam...ithu adutha neeraliyo odiyano aavanulla laksham aanu...daivame ee pulli ithu enthinulla purapadu aanu...🤣
Negative,Usmanee.... Mmmuk eenthapaya kachavadam matti bala kachavadam tudangam.. Evdoo kettapole 🤣
Negative,Ee padam  mammootyiku  kodukanam  ithilum adipoli ayirikkum    Pakshe  ivide mandatharam sambavichu  kashttamayipoyi
Negative,Mammooty fans
Negative,Voice kollillaaaa..... Charithra cinemal ingalk pattilaaaa... .....
Negative,Yadhaartha kadha
Negative,aaahaaaa negative comment aayi kure pannikal vannallllloooo
Negative,ayyeeee.....ithenthu samsaram....slangue pattilla lelettanu ...... sadharana malayalam mathi aayirunnu....ithu nalla bore aayitund
Positive,Laletta adich policho laletta Nigaloru muthaan ie padam Vijayikom nokiko apo
Negative,Charitra cinima lalettan cheythal athu munnottu pokilla. In flopped
Negative,Ei padamonnu erangikkottay athenu mumbay ningalu thallallay
Positive,Sound athu screenil kanam  lalettan polikkum
Negative,Ettan kootiya koodoola adurappa end diloga id chirichu chavum
Negative,Laleta pattunna kadhapathram cheeyy ningalk charithra cinema sheriyaakoola Aa samayam 2 adipoli cinema cheyyan nok borayitund dialog
Negative,ikkante eazhrikath varilla ikkante varunnu kunjali marakkar  WAITING IKKA POLIKKUM
Negative,ippo mansilai e padam 8 nilayil pottum
Negative,Ee padathien ethra Kali aaiiyalum mammuni enn parayunna nadante oru padathinum ithinte collection record thakarkan pattitila...nthin pakuthi polum ilaaa
Positive,trailar um padavum vere annello ethe ennaaa
Positive,Happy New Year LalettaCinema kanduketto..Love u
Positive,Film kandu..mikacha chithram..mohanlal manju warier magic..
Negative,E negative commentsitta  ella oolakalkum kadutha asooya matram...athinithuvare marunnu kandupidichittilla
Positive,Njan padam kandu....kidukachi padam .....ellaarum ee padathe Patti negatives mathram parayunnu...I don't know why....any I lived this movie
Positive,Ippol kandittu varunnatheyullu THE MOST DRAMATIC CINEMA I HAVE EVER SEEN
Positive,Adipoli   പടം #ഒടിയൻ Istam
Positive,mohanlal anna ningal veru mass alla kola massaa
Positive,Laaleta...manjuchechi...super hit anutto ee fillm ...I like..odiyan...
Positive,Oru saada nalla naatin purathe kada..athre ullu...aenike ishtta pettu.
Negative,Anthamaaya thaara aaradana aaswadana nilavara thakarchayude soochanayanu. Cinemaye swathanthravum kalaaparavumayi veekshikunna oru yuva janathayeyanu malayala cinemak aavashyam
Negative,OVER HYPE KODUTH EE OOLA PADATINU VENDI TALLIYA ELLA OOMBANMARAYA LALAPPAN FANSINTE KARANAKUTTIK NOKI ONN POTTIKAN TONUNNAVAR LIKE EDUKA
Negative,enii orikalum nii oru film um direct cheyalle poda V ASree kumari
Negative,odiyan thulapichu myran V A Sree kumar kopan poda
Negative,V A sree kumar is indian film joker in malayalam industry fool poda sree kumari myre poyi chavada vatta
Negative,Endhokke aayirunnu malapuram kathi.kozhikode aluva
Negative,Enta ethra kalikandittullatha ne? E ODUKKATHEkali vendaarunnu laletta
Negative,Oooo Odiyan
Negative,Endokke ayerunnu.... Lag padam... Monee shree
Positive,Theatre baaki undayal mathiyarunu...ente laletaaaaa....ingal vere level aanu man
Positive,Odi vidyakal kannan kathu nilkukyanu laletta
Positive,Odiyante releasinginu vandi kathu nilkukyanu laletta
Positive,Entae jeevathil ithrayum pravishyam trailer kanda verae oru cinemayum illa
Positive,Eee oru movie കൊണ്ട്‌ mohanlal fan aakumennu തോനുന്നു katta waiting
Negative,Ithrem dislike adichavar malayalikal aagan vazhiyilla
Positive,Eniyum eniyum malayala cinema orupaad uyaragalil ethatte
Positive,Ella recordum theerkaan kazhiyatte ennaasamsikunnu...Enkil maathre e record marakaar release aavumbo thiruthaan saadhikku
Positive,Ikka uyire.... Malayalm cinema ude abhimanyam...... Mammukka Fans Like here
Positive,kaalame ini pirakkumoo ithpoloru vismayam   Mamukka___
Positive,Last oottam kanddo makkale onnum parayaan illa aaa face lle mattam anergy uff powlikkum ikkaaa
Positive,Trailer veedum veedum kanunavare njn mathramoo??????
Positive,Malayalam cinema technical aayi orupaad uyarattee. Valiya budget quality films iniyum ithe pole undavatte.
Positive,Vere level ..  cinema aakum. Ithu
Positive,Hai Mammukka rope action maati vfx aakiyallo. Pwoli
Positive,Appol  lalettante padathinte Record ellam  thakarthu  eriyan pokunnu alle ayikotte malayala  Cinema uratte
Positive,Ikkaante pilleer onnu othu pidiche namukkid 15 million wiews aakanam
Positive,Oru rakshayum illa... adhi gambeeram ennu parajal idhanu namichu
Positive,Njan oru ikka fan alla  Pakshe ente romam vare ezhunnett ninnu apaaram
Positive,ente mamookkaa.... ijjathi....  romaja.kanjukam..  mammootti istham....  ithu kalakkum.. polikkum... thimirkkum
Positive,Ithoke ikkane kondallathe aare komdu pettum
Positive,Katta ettan fan pakshe entho Manasu parayunu  Ith thakarkum
Positive,Njaan ithuvare malayala സിനിമയിൽ ഇങ്ങനെ oru trailer kandittilla
Positive,Malayala cinemayude range enthanen ariyan erikkunathe ullu MAMANGAM
Positive,ഇത് film ആണോ real ആണോ  Mammukka pwoli
Positive,Mammukka ningale kurich onnum parayanillaa ith enthe avasanathe vakkaaa  storong 999
Positive,Kidu energetic trailer     dislike adikkanum venam oru manakkatti
Positive,Wowww.. Amazing.. Katta waiting.. Ikka and unni.. Super..
Positive,idhu kandondu irkumbo romanjam koodi koodi verunnu
Positive,Action  scene itra manoharamai chaiyyan unniyettane kazhinje ollu bakki ellarum.......chettante carrier best aayirikkum ChandrothPanickar enna kadhapatram...waiting
Positive,Ikkayodu muttan inniyum valaraanund palarum 🥰🥰🥰
Positive,ande ponno kili poi trailer kanditt
Positive,Uff oru rekshem illa ikka
Positive,Vadakkan veeragaadhayileyum pazhassirajayileum kanakku allathe puthiya oru thalathil mammookkaye thannathinu nandhi
Positive,Mammukka marana mass  Ikka fans like  Katta wi8 for mammangam
Positive,Kidukki powlichu oru rekshayamilla onnum parayanilla
Positive,Mammokkaaa katta waiting for this movie
Positive,Anttemoo anthayith akkee kudee oru koritharip
Positive,Super mammoookkkaaa... ....   Oru lalettan bhakthan..
Positive,Ente ponno vera level mammookkante energy body uff
Positive,Kidu trailer. Mammukka ningal vere level aanu
Positive,MWONE ETH KALI VERAYA🤙MAMAGAAM VERA LVL MASSMARIKAM
Negative,Not impressed  yenne kollale please manasilolladhu paranjanne olllu Suraj.jpg
Positive,Ithu minimum 10 thavana njaan repeat adichu kandittundavum
Positive,Romagam mammooka nigale ennum young anna..
Positive,Romanjification Mammookkaaaa ingal vere level annn  mammookakk koduthe makkale oru like
Positive,Ikka
Positive,njan katta llaletten fana ikka ettente pilleru koodu  ekkante pillerekkode aaagoshikkkan
Positive,Age is just an number Enn manassilaki thanna trailer
Positive,രോമാഞ്ചം katta waiting for mamangam day november 21
Positive,Kandappol aaa kalagattathil ethiya pole oru feel
Negative,ijjathi moonjiya makeup ikka... shokam aaki kalanju
Positive,Ee nadante aaradhagan aan enn thala uyrthi thnne prym Ella kalathum........... proud to be a mammukaa fan
Negative,Dislike adicha colani membersin ente namaskaram. Feeling pucham
Negative,Alinje polinja trailer.. odiyan aakumo ?? 🤓🤓
Positive,Oru rakshela padathin vendi katta waiting
Positive,Ikka ikka....ikka ikka ikka ....ikka ikka ikka ikka....ente ponnu ikka....marikilla ningale njn marikuvolam...
Positive,Mammukka oru rakshayilla     NEXT 200 CRORES IN MOLLYWOOD CINEMA
Positive,November 21 avan kathirikunnavar like adich pwolikk🥰
Positive,Owf Poli......angane oru paad naal kazhinj oru Nalla cinima kanaan povnu
Positive,1:44  ikka nigalde energy passion    0:37  0:47 King 1:08  1:26 1:32
Positive,Mamooka ningal vismayipichu kontirikaanu ee prayathilum
Positive,Sorry Trailer  veendum veendum kandukondirikunnathkaranam Comments\r  vazhikkan pattiyittilla Mammookka polikkum
Positive,Ikkaaaaa. Ingale ennaa level aah. Ee prayathilum body... Muthane
Positive,Ende ponnooo hvy item love you mammukka
Positive,Onnum parayan illa polich adakki mammookka
Positive,Katta waiting for mamangam  Mammookkaaa
Positive,Ithu oronnonnara allaaaa athukum mele  mammookka uff ejjadhii
Positive,uff trailer  mamuka mohanlal legends aanu oru tharkavum venda
Positive,Enta ponno ithu verae level Iove u ikka
Negative,Kavya film company perinu Oru gummilla...
Positive,Njan oru laletan fan anu but ee movie namude abimaanamaanu enthayalum mega hit avan prarythikkunnu
Positive,Above 250 cr collection kittum ennullavar ivide come on
Positive,Mammookka..... Uff ijjathi .. Ente ponnikkkaa polichuuu.... Katta waiting
Negative,Eeee paheyente sthaneth..Mohanlal annn 70am vayesill Eee padem cheythirinnenkill....edukam..pallikatilekh. Lal ettane..allenkil dehippikam..
Positive,Wow ejjathi item mammookaa. Ingalu puliylla puppuliyaa
Positive,Ithoru malayala cinema k oru vazhithirivu aakatte fanisam marannu support cheyyu
Positive,Ettanta aniyanmarude vaka all the best ... ikka oru rakshayumilla
Positive,Its not a trailer its a ultsavam
Positive,Like adichit button pottikandirnna bagiyam.... ikkaa..
Positive,Malayalam cinema innevare vannathil vachu ettavum mighacha trailer
Negative,Dislike adicheverk oke ente vaka Nadu virel  pranamem
Positive,Trailer....nte ponno...oru rakshem illa katta pwli.....ikka pne parayandaallo....megastar mammootty in mamangam....katta wa8tng  haters...jst move bck
Positive,Ithore nalla padam aaakatte enne praaarthikkunnu Poli trailer
Negative,2.k dislikes. Nthonadey nallathine nallath enn parayanam. Kayakulam kochuniye kall Kollam
Positive,രോമാഞ്ചം     ഇതാണ്  real megastar ilove mammukka
Positive,1:45 enta ponooo ..ota peru Mammootty...
Positive,Mamooka ingalu orum sambavam Alla ithihasam thank you
Negative,2.7k unlike adicha pengalepanni makkalkku ente naduviral namaskaram
Positive,#Mamangam #Mamangamtrailer #Mammootty  mammoookkkaaaaaaaa polichuuuuuu
Positive,Ufff onm prynilla power ikka.... by ettan fan
Positive,veendum youtube hang aaki kond mamangam
Negative,Oh endhuvaadai idhokke aarkengilum dislike adikkan thono
Negative,Poli trailer Dislike motham mohanlal fans ayirikkum
Positive,Onnum parayanilla ennalum  oru rakshayam illa
Positive,Uff.... ingnethe oru trailer malayalam industryil thanne vannukanilla. Oru rakshayum illa adaar item thanne aann മമ്മൂക്ക
Positive,ikkaaaaa     jeevannn
Positive,Sanchit Bulhara bgm nte Ponno no Raksha
Negative,Unlike adichengilum mammookaye tholpikkumenn paranj kond pramukha  fans
Positive,Veré level
Positive,Polichu mass alla marana massssss  ikkaaaaaaaaa
Positive,Entammooooo oru raksha illatha trailer Bgmil evidekkeyo avengersinte bgm ullath Poole thonnunnath enik maathram aano?🤔🤔🤔
Positive,Ente mone al powli ikka ishtam
Positive,Mamangam keralathinte maathram charithramayi nilanilkenda onnalla.. ee dheerathayude kadha lokham muzhuvanum a ariyanam
Negative,aa dislike  mikkathum  mohan lal fans aayirikkum
Positive,Bahubaliyumayi kattakk nikkan pattiya padam. Mammmookka U are still young
Positive,Ente ponnu ikka nigal vere level aanu
Positive,Parayan vakulkateetham  Paranjalla kandariyenda mahaa mamanga velayatathinu loogamengum therasheela pongi  Inne ellam kaalam parayum
Positive,Oru rakshyum illatha trailer Trailer ingane aanenkil movie eganeyayirikkum mass aayirukkm
Negative,Dislike adichavarkk enthe naduviral namskaram
Positive,Padathil animation undenn paranjappo ethreem karutheela   Ikka super
Negative,Oru njettalum illa romanjavum illa ayye
Positive,Ikka poliyhanu ithreyum prayathil inghanew okke nikkunillew ikka vere level annu poli ahh ikka
Positive,anusithaaraye kaanan veendi trailer kandavar ivide like cheythooli
Negative,Ee trailer vachaaanooo luciferinodu muttaan varunnath
Negative,Dislike adikaan vanna para naarikal pinne enthina ith verthee kaanunnath
Positive,Full pulimurukan team.......  Lalettan ki jai......
Negative,Diss like adichavarodanu Ella nayinte makkalkkum naduviral namaskkaram
Positive,Full pulimurugan cast🤩🤩🤩ith polikm muruga nee theerneda
Negative,Laluni fanskar thudangi dislike adikkan avarkku ente vaka
Positive,Avasanthe Thalaivaa vili pinne aah Fight Hywaaahh Polichadukki
Positive,Machane pwolii item inka pwolikkum.   Thakarkkum
Negative,Raju ettan kurve  nallonm thonnunde
Positive,Vere level ... Onnum parayan ella....
Positive,Ente ikkkaaaa kola mass YouTube hang aanu makkale
Positive,Oru rakshayum illa ikka.. ningal pwolichu..  ith kidukkum
Positive,Ini releasine vendi katta waiting 🤩
Positive,Kali brazilum(lalettan) Argentina ( mammookka)yum thammila.... Thee paarum.... Welcome mammookka....
Positive,രാജ double അല്ല
Positive,Poli poli polichu mass mass mass maranamass
Positive,Pwoli trailer sunny chechiii istam ikka jeevanaanu
Negative,Fanbasil maathram movei kaanunnoraavum dislike cheythu negative aakkunne avarkkente naduviral pranamam
Positive,polich ikkkkkkaaaaaaaaaa  kola maaaaaaaaaaas  marana maaaaaaaaaaaaas  triple maaaaaaaaaaaaaaas
Positive,Trailer kandu for sunny leone and mammokka
Positive,Trailer kidu mass marana mass.  Ee padam recordukal thoothuvarrum
Negative,Ayye luciferinte aduth polum etheella.Luciferine pottikanonnum ponnilla.Lucifer trailer kandappam mone oruuuu romnjam aayirunnu.Ithenthooonu ayyyye....
Positive,Ente ammo kidilam trailer  L___ && MR
Positive,Annyaayam... *ROMANJAM*    ikkaaaaaaaa.........
Positive,Kidukki.........  Last  punch romanjam..........
Positive,Entha oru enegy nammude daddy girigayum undu ithu polikum
Positive,Hammme poli lastathe aa scene kidu... Frames
Negative,Dislike adikkan thanthaku munp undayavanmar vannallo
Positive,Wow..Maranamaas Trailer  Gopi Sundar bgm oru rakshemilla ttaa...Hit like if u watch FDFS
Positive,Mass mass pakka masss
Positive,Enta ponney ijjathi item uff romanjam
Positive,Nalla kidukkachii trailer... Ikka love uuu...
Positive,Kidu item ikka ith trendigil vannirikum
Positive,Annum innum ennum rajade pilleru triple strongaaa.....uyirdaaaa
Positive,Ente ponno ithreyum kathu irunne trailer vere illa ikka uyir
Negative,Un like Adaichavarkk Nadu viral namaskkaram
Negative,Dislike adicha myrenmark vendi like adi
Positive,Wow... Kathirippinte Sugam Arinjathu Ippolanu......🥰  Ikka thandaaa RAJAA.... Powliyanu...Mass allaaa...kola mass aaanu.......🥰🥰🥰🥰🥰🥰🤩🤩🥰🥰🥰🥰
Negative,Narikal irangum munpe dislike adikkunno chettakale
Positive,Makkale oru rakshayilla oru cheriya promo njan kandu trailerinte mass alla marana mass alla kolaa mass item loading
Positive,Eee vishu ikka yum pillerum kondu pokum
Positive,Katta waiting manh ini verum 8 min
Negative,Irakikko pakshe Stephen achayan ullidatholam kaalam ivide oru rajanum adhikam vazhan ponilla
Positive,Madhura raja wait cheyth irikunavr adi like  Ippo thanne oru 5 pravishym engilum ivide vannu nokiyavr aarokke und
Negative,Dis like cheida yella lalunni fansu polum trailorinu vendi katta waitingil aanallo
Positive,Ikka katta waiting onnu pettanu ita kolamayirunnu
Positive,Rajauda kalii enum keralam kannan pokunnaa olluu🤩🤩
Positive,madhura raja trailerinu surya fansinte ashamsakal
Positive,തലൈവാ ...🤩🤩  #Raja.. maduraraja..  20 Mins To Go !!! 🤩  ```Get Ready Megastar Fans```
Positive,Njan lalettan fan aah annal madhurajakk vendi waiting aah
Negative,കുരു കുറെ എണ്ണത്തിനു പൊട്ടുനീണ്ടു  ...trailer upload avunathinu munbe thane 3k+ dislike ayiii....Ntha cheyale rodhanam
Positive,30 minutes more        waiting Ikka's maduraRaja
Negative,Aaruvaadee dislike adich ponath ithrakk kazhappoo
Positive,Mass entertainment... oru rekshayum illa... pwoli...
Positive,Ente ponneda uvv ee
Positive,tamil-telungu-malayalam orrumichu  release  cheydhal  valiya orru  sambvam aggum
Negative,Lucifer ini kandam vayi odedi varum
Positive,Ini kando... Adiude Ideude Vedi pooram......🧨🧨
Positive,Madhura Raja ....Pokkiri Raja....Rajadhi Raja...Bellaadi Raja Raja Always Mammookka Da
Positive,Teaser kand thalliparanjavarkku  Trailer oru marupadiyanu including me
Positive,Maduraraja enna comedy padam 300Kodi varum
Positive,Adipoli bgm and fight scenes super
Positive,Mass enokka paranja onannara mass athanu mammukka....
Positive,Huge support kanaum alla lalettan fanail ninum.
Positive,Sunni chechi ullond padam one month enkilum ooodum orappaaa allenkil sunnichechi oodikkum
Positive,AGE is A just number  pakka herooooo
Positive,Mammmokhaaa 69 vayyas ayye annetum look entaa ponooo
Positive,Mammukka kalakam super trailer rajaiuda team double strong alla trouble strong annu
Positive,Lucifer 4 divasam kondu 50 kodi ayathu pole ....ithum 50 kodi avatte ennu njan prarthikkunnu...ennu lalettan fan
Positive,Morning eneechepol thanne veendum kandavar arund7.22
Positive,Raavile views ethrayayi ennu nokan vannavar evide come on.
Positive,Oru addar item koodi iyye padathill varan nde athe mikkavarum last avum arayya...... Twist.......
Positive,Luciferine malarthi adikkaan RAJA vannu makkale
Positive,Mamukka ottiri ishttamm ethe polikkumm
Positive,mammokka kalakki mone ine kanan kidakunnath kandu ariyanam mone
Positive,Enna lookanu ikka...... U r the best
Positive,Waiting 4 madhuraraja..Mammookka Sunnychechi Jai Salimettan etc..elarum pwolikum.All the bst madhuraraja  team.
Negative,Trailer kanda thanne Aliyan Ettunilayil pottumennu
Positive,Makale ith polikum ikkaaa love you
Positive,Ettan industry hit adichal ikkante hit urappa... Angane aavattee....
Positive,Prayam oru number maathram thalivaa
Positive,Peranbu ...Yatra ..raja ....ikka tripple strong aanu makkalae ....
Negative,daivame chadichooo copy sundaran analloooo  ini enthellaam kaananam
Positive,Lalettan fans full support und makkaleee......
Positive,Oru prethikshayillarnu madhuraja but parayathirikan vayya visuals vere lvl
Positive,Muslingalk idayilum Xristhanikalk idayilum Hindukalk idayilum  Ivanu ore oru pereyyllu.....raja
Negative,Lucifer njngal randum kayyum neeti sweekarichu.. Marichu..   Matham parayunna sangikal keri dislike adukkuvaaa... Oru myrum nadakkulla.....
Positive,Ikka hvy  vere lvl trailer
Positive,Nte ikkaa ethu kandittum kandittum mathiyavunnilllaaaaaa Polichu ikkkaaaaaaaaaaaa
Positive,Thalaivaaaaa  views nokan ratri 2manik alaramvechenitu rajada pillaru ട്രിപ്പിൾ stronganu theliyikum wait
Positive,Padam hitakanulla elements ellam undallo.. Oru Maayavi touch thoniyarunu
Negative,Enthonedai id    padakkamo
Positive,madura rajaku katta support njiangal lalettan fansindea
Positive,Viswasichu koode nilkkunnavare jeevan koduthum samrakshikkum..  ikkayude voice & dialogue uff orujathi odukkathe feel.. romanjam at peak
Positive,adipoli     s
Positive,Chechi kaanaan Vendi maatram keriyavar... Lyk adichit pokaan marakkalle.... Chechi ishtam
Positive,Sunny chechiye kanan Vannavarkke like adikanulla cmnt
Positive,Njan oru mohanlal fan aanu ennalum trailer istapettu pwoli
Positive,Ikka & ettan ipozum ettavum aniyanum ayita nn kanunne.. luciferum kidukki.. Ithum athupole polichadukkatte.. All th best ikka 🤗
Negative,Hahaha...🤣🤣🤣Siricchu satthu....Sugar koodi Poyi mone... Pakka Flop....
Positive,adipoli...oru pulimurugan effect....but kuzhpm ilaa ..............mammookkaa
Positive,Njn pru lalettan fan ahn..  eee trailer mass ahn..  padam polikkum
Positive,trailar mas  padam marana mas rajayum pillarum kali thudagi  pakalam
Negative,Kollam. Short film polend. Vere vallo panikkm po man
Positive,Lucifer hitayi.  Madhurarajayum hitakatte.  Malayalam movie lover
Positive,Njan A10 Fan ann but ikka pwolikkum katta waiting
Negative,Mara paazhu mega mairananil ninnum ethil koodutal pratheeshikaruthu   1980 kalile rajanikanthinu padikkunnu verum chavaru mairan....
Positive,Ee padathine nammal vijaya gara maakkanam....
Positive,Ekkakkum Akkakkum Mohanlal fansinte full support undakum
Positive,Padam pwlikm...ikka oru rekshayum ellah.....Age Is just A Number......from A10 fans..
Positive,Fight scene marana maasss repeat  adich kanuva
Positive,Mudi valarthi lalettan pazhya rajashilpi look thannee 0.51 il... super
Positive,Katta waitinggg marana masss idhaaan makkale heroism🤩🤩🤩
Positive,Polichu........Odiyan manikante varave kandoo makkaleaaa.....
Positive,Odiyante Odi vidya thudangi makkale...Murugaaa ne sherikum theernu
Positive,Pandaram adangan kanditu angu mathiyavanilaalo...Onnonara trailer annaaa
Positive,Lalettanu mass kanikkan oru chaya glass thanne dharalam
Positive,Ningale katatthi vettan ningal matrame ollu laletta
Negative,Dislike adicha thanthayilla thayolikal aaranaavo ..murugane theerkkum ennu paranju nadannavar aavum
Positive,Lallettante masss kannannelll decemberil odiyan irangumbol teaterukalileekku vaaa odiyanthe odi vidhyakal
Positive,Oh mass o mass laletta katta waiting....Bgm
Positive,Pwlichh adukki. ...mass trailer. ....vere levell padamayirikkum. .....katta support from an ikka fan
Positive,Innu thanne ithu etramathe vattama e trailer repeat adichu kanunnennu eniku thanne ariyilla...kidiloskki
Negative,Enthylm 300 koli thallum muzhuvn fans.......
Positive,Next 100 crr sure pakka full entertainment movie aanenu trailer kanddaal ariyaam
Positive,Awesome
Negative,ethinu okkae dislikes adicha Prajanda kunju ghalae nighalkku uluppundo.
Positive,Bgm + ettan + dialogues + fight  = romanijification
Negative,Odiyante triler leak cheyyum ennu parayunnavarod.....ayyappante photo veettil undenkilum swamiye kanan ellavarum malaykku thanne pokum
Positive,Katta waiting....  maranamass  trailer......
Positive,Adipoli Trailer.......   parayaan Vaaakkilaa  Lalettan fans like here
Positive,Scripwriter Harikrishnan: Mass Director VAShrikumarMenon: Pakkamass Lalettan: Maranamass🤩
Positive,Nalla set movie
Positive,Villain polichu Malayalam movieyil njan ivane polore villane kandittillla
Negative,Ouru Lúcifer erangi athe polle thanne enni kore padomm erakuum myrreeee
Positive,Enta ponna oru rashayum ila kidu padam
Positive,Chekkan ennaa look aahh..  Tovi ishtam
Negative,Ethinekkaallum nallath aa Telugue film eduth kaanaayirunnu....Ticket poyi..
Negative,Verum olla padam 10 paiseke kollulla
Positive,Tovino achayanodu ulla aradhana kandu like adichavarum.... Theatre poyee kanam enn vechavarum adikkk
Positive,Ith pole films aanu tamil telungu mass movies aakunnath
Negative,1:10 ee scene onnum cinemayil illa.... Pattich
Positive,Movie ok aanu.    Entertaining movie
Positive,Film kandu.....Nalla movie aan dharyam ayi book cheythoolu🤗
Positive,LAST DRUM SET KOND KIDU AKKI
Positive,Enthaylum... Oru adaar feel undu... Tamil look
Positive,Njn ithil aru roll cheyunund namude ichayan polliyann  maranna mass
Positive,Ee Trailer Njan Thaetril Kandappo Ennaa Feelaan! Tovino Achayan Ishtam!
Positive,Tovino chetta pwoli love from Kanniyakumari
Negative,🤣🤣🤣🤣🤣🤣 tovinok  nadakkoola  eee pani   police pani  cherunnilla soundum dressing onnum
Positive,Tovino macha ningalude time anu... adi thimarkku... bai... cutta support
Positive,Toviii IChayan powlii Oru Kattaa Tovino Fan🤘
Negative,Padam verum oru below average Lucifer like oombiya Padam aakum enn orappullavr c'man!!!!
Negative,Padam verum oru below average Lucifer like oombiya Padam aakum enn orappullavr c'man!!!!
Positive,E... Nanjankottayil aarudeyumkanneroppan vannavanalla njan... Ennal karayikunnavanteyokkry Tala njan adichupolikum...   Kidu kidu kidu mass punch dialouge....
Positive,youva thara nirayil eni yeattavum muzhangi keelkkunnath tovinoyude Peru aayirikkum...
Positive,Mass....  kola masssss Tovino polichadukiiiii Tovino uyirr annuu.....
Positive,Njan oru ikka fan aanu # but eatta powlichu  vere level# katta waiting    Oru palakkadkaran
Negative,Njan idehathinte padam kaannilla
Positive,Repeat mode on..... Romanjification ...ettan pakka mass
Positive,Entammoooo lalettan clean shave look maarakam katta waiting for odiyan ettan daaaa
Positive,Adipoly🤩🤩lalettan fan thanne aaganamennilla sharaashari oru cinema premi aayaaal mathi ith kandit romaanjification undaagan🤩🤩🤩🤩🤩kidue !!!
Positive,Njanetha parayendath......... Onnum parayaanilaaaaaaa..... Laaaaalettttttttttaaaaaaaaaa.......ummmmmm aaaaaa
Positive,Dislikes kandappo kurachu vishanam thonni... Ennal comments vayichappol athu mari... Kure nalukalkkku shesham kanda ettum mikacha trailer......
Positive,lallettta mass kola mass still waiting
Positive,Kandittum kandittum mathivarunnilla ..entho oru magic trailer I'll und..appo filim ethanennu uhikan pattunilla
Positive,lov uuuuuuuuuu etttaaaaaaa  romajam vanu chavum
Positive,Trailer kidukki full movie kidukidukkum.. we still waiting..
Positive,that dialogue at 1:03 ..... goosebumbsss.... laleettaaaaaa
Positive,Waiting from Qatar LalettaI'd tagarkum katta support heavy 48pravasyam trailer kandu wow
Negative,aaraadaa dis like adichathe hae .da da da
Positive,Powlichu
Positive,njan mammukka fan aan yennalum parayaa lalettan mathrame ithokke kazhiyu adheham oru loka nayakanan oru simham
Positive,Aduta 200 Cr club movie for lalattan
Positive,Mass odiyan Mass kollamass kattaa waiting kidilam
Positive,Madi idu madi laalletta  Ninga polichuuu
Negative,Aye kuura trailer oola padam chali mohanlal*************
Negative,E trailernu dislike adikkunnavanmaarudae aa manassundalllo....oh.... Namikkaathae vayya
Positive,Iyal malathile super staralla indiakarude muzhuvan stara
Positive,Ini aaanu kali trailer kalakki above expectations
Positive,Spr makkkalla odeyan vannu katta waiting
Positive,Pakaram vekkan indian cinimayil aarumillatha ee rajavine katta kathirippu   laletta ingelu muthanu
Positive,Glass kondum mass kanichilea pwoli odiyan
Positive,Ikka fan aa but first day thanne odiyan kanum
Positive,Powlichu. Njan ipo 25 pravisham kandu. Laletta adipoli. Katta waiting
Positive,Love you lalettan aarokke thathikettiyalum thazhilla ee rajavu
Positive,Nirasha varuthathe ... Nalloru movie pratheekshikunnu Kure nalukalkku shesham Oru moviek  pokanam. Ennu moham
Positive,1 st day kazinju theatre bakki undayal mathiyayirunnu...lalettan
Negative,Dislike adicha pannikale Theater il kanada
Positive,Super heavy  amazing  Ethil aparam onum parayan elaa
Positive,Super aakumennu ariyamayirunnu pakshey etu maha maha soooper....
Positive,Odiyaan... Laletttaaa... oru Sambhavam thannneeee..
Positive,Njn ikka fana pakshe njagalude Ella support um ondakum
Negative,Dislike cheyunavare odiyan urumbu kadikunathu ayrikum .
Positive,Nte laletta  Idikatta waiting aaa..... Ummah. Theatre pooraparambha urappaa
Negative,ithpole oru kidu trailerinu dislike adikkana myrroli mammoonni fansin naduviral namaskaaram(ella mamooty fansinem udheshichalla....chila choriyanmaare udheshich paranjatha)
Positive,Endammooo . Kidukachi Item . Mohanlal Fans Like adich polichek
Positive,Ithu trailer pole illa oru teaser.. Enthayalum sambhavam kidukki... Waiting...
Positive,Njan aashupatriyiloottu pookuvaa...ullla roomamellam roomanjichu parinju pooyi..baakki ulllathu pongithanna nikkuva..etttan maatana maaraka maasss*
Positive,Laletta ingane wait cheypichu kollalle...vegam vaa ingadu
Positive,nte ponnoooo .... <3 oru rakshayum illaa ..... <3
Positive,Odiyan trailer kidukki Laletta nigal vere levela
Negative,ethinu okkae dislikes adicha chila prajanda kunju ghalodu enikku etrae parayan ullu odada pullae kandam vazhi. Uluppundo ninakku okkae.
Positive,mohanlal ingnanu kure chavar pole irakkilla .vanalo...odukkathe varavaakum..luv u laletta
Positive,Poliche...ithoru poli polikkum ...laletta ingalu muthaanu...
Positive,Ente ponnu ettaaa ningalu njngale romancham varuthichu kollum
Negative,Dis like adichaa ellavaarode ettanode vedaaa  murugaaa nee theernadaa
Negative,Feeling sad am studying in punjab ivde release aakuvo
Positive,Nta lalettaaaa..adaaar item. Murugaa ninta naalukal ennapettu kazhinju
Positive,Enta ponna.... laletta. Nigal masalla marana masss
Negative,Dislike adikkunna aalukal nthayalum nalla thanthakk pirannavaralla...angane ulla shikandikalkk ente naduviral pranamam
Positive,Ithupole aayirunnu pulimurugan inte trailer..... Pinnedu nadannathuu malayala cinemaye maatimaricha charithramm ...... Waiting for Odiyan laletta
Positive,Makkalee boxoffice pottitherikkan pokunnu.. katta waiting
Positive,Ith powlichu vaariyitte pooku....
Positive,Ohhh my god... endhokke looks aanu...  onnum parayaanillaa... katta waiting lalettaa...
Positive,Adipoli FDFS thanne kaanum. Pulimurugan onnum ithite athra  varathilla. Katta waiting
Positive,Njan ikka fan aa
Negative,Pottum  bengaali look  IDGAF mon
Positive,7 times kandu kazhnju...still not enough....veeendum kanan thonnunu
Negative,407 dislike haaa oka mumuty fans ayerikyum kastam
Positive,KATTA WAITING  ////./../// FOR  LALETTANSZZZZ MAGIC.....
Positive,Mass kaanikkan lalettante kazhinje ullo aarum annum innum
Positive,E pasdam kanaan katta waiting cheyyunnavar
Positive,Oru rakshayumilla.repeated mode on... Njan kandathil vech ettavum best trailer
Positive,3 times continue kandavar onnu ivde vanne..nedumplly rock
Negative,Loocheeperinte kalem ethi mekkale ellarun meri nikk
Positive,nenchinakathu nammude lalettan aneee
Positive,Polichu laletta lalettan fans like adikko
Positive,KGF kanda oru effect trailer kandapol kitty
Positive,2million... One day poolumaayillaaaa. Iragittt.. Great lalettaa
Positive,Raju Ettante Oro Shorttum Ijathi ppwli
Positive,Ikkante trailerlum polichu. lalettante trailer polichu.we vacation adipoliyayirikum.
Positive,Laletta kalakki.lallettan fanayalum Ikka fanayalam .Kandal Romanjam Varum .adutha level trailer. Njan like adichu.onnilparam Kandavar itil like adikku.
Negative,Ithinte munpil raja veezum. Release date maattikko raja
Positive,Oru aradhakan avanayi oru katha menanju.... Aradhakan stronganekill avan double strong anu..... #prithvi#lalettan
Positive,Padicha kallana..   laletttaaaa ingalu muthanu.....
Positive,Ente ponno marana mass.. ethu polikum....
Positive,Eppol time 5:50am 2000 view koodi kittiyalll 2million aakum....enthoru pookku...ithu Ella recordum pottikkum
Positive,Oru ikka faanaayittu pollum katta romaancham laletta ith pwolikum
Positive,Ente ponnnuuuuuuu Lalettaaa... baaki oke kili vannit parayam
Negative,Ithokke dislike adikkunavare kale vari adikkanam
Positive,PRITHVI & TOVINO 🤩Ishtam            LALETTAN  allah... parayanundo Peruthishtam......
Positive,Best Cinematography Kidilan Oru Rakshayum Illa
Negative,Kandu padik shree Kumar menone anugal film direct cheyunath
Positive,Kandittum kandittum mathi varunnillaalo ee sangathi
Positive,Laletta oru rakshayumilla.. FDFS locked.. Katta lalettan fan
Negative,Ayye poraaa.... lalettan nu role ille??
Positive,Trailer Veendum veendum veendum Kanunnaver undo
Positive,entammo romanjaam romam ezhunettu nikkunnu . enna trailara laletan marana mass
Positive,Ente ponno our reksha illa ...  Nammade ettan powlichu
Positive,Sawaaaaaari giri...giri... Big fan of Malaiayam Cinema. From Srilanka. Chettan maar Cinema eppothum adi pozi thannaiaya.
Positive,Time @2:03 am....ethu kanditteee urangan pogunullu.....nale Kanan bakki vachillaa ennu thannee kanannm.... waiting to see #lal
Positive,I:46am  ithu 12 pravasyam annu kannune..stephen nedumbuli
Positive,Woww woww.... Katta katta waiting Lalettaaaaa
Positive,Trailer muzhumikum munbu comment vaayikkan oodi vannatha.. ente ponnoo....lalettan rajuvettan istham..
Negative,Laalappaa ikkayod muttaan nikkandaa.RAAJAyum pillerum strongaa TRIPPLE STRONG.Laalappan koottiyaal koodoolaa.
Positive,OMG  lalettaaaa ummmaaaaa rajuvettaaa ningal marana mass anu.
Positive,10il kooduthal thavanna trailer kandavar like adi
Positive,Awesome  . lalettan mind blowing Raju kidu snap
Positive,LastE one minute romanjification....    ente laletaaaaa....
Positive,Ettante look oru rakshayilla..... Chumma kasarii....
Positive,Kidu kidilan trailor. Lalettan rocks  L rocks...
Negative,Dislike adichavark trailer ishtapedanjitto അതോ lalettaneyo. എതായാലും ninnodokke പുച്ഛം മാത്രം. Its ettans swag
Positive,Bgm
Positive,Lalettanum Tovino machanum ith pwolikkum
Positive,Katt waiting far lalattan far lusifer
Positive,Mass trailer .. vere level anu
Positive,Raksha illa alliya... Ipo njn chatha ente shavathinu chiricha mugamairkum
Positive,Lalettaa!!! Raju chettai. .. such a promising trailer!!!  RONJAAAMAM!!!!
Positive,Rajuettan making super...ini padam koode super hit aya mathi
Positive,@1:13- aa car’nu vare oru charivu kando...  ethu pakka lalettan padamane...
Positive,Lalettan ithu thakarkum.... Prithviraj great job.....
Positive,Vere level of making nd lalettan was awesome
Positive,E masathew 28 enna date  nalathekakan pattuvoooo ..... pattillah allew.....wait chaiyanmm  ..
Negative,Ethinu unlike adicha haters movie release akumbooo kandam vazi odan rediyayikkkooooooo....ettan fan....
Positive,ee chengayikk 68 aano alla 28 aano ejjathi enrgy  kandtt kili paariya pole
Positive,Ente lifil inneee varee... oru trailarum ithu poloru romaanjam thannittilla...! Vere level...!
Positive,Uff uff uff ijjadi ikaaaaaaaaaaaaa ponnikkkaaaaaaaa
Positive,Trailer cut ഒറ്റപേര് editor Donmax വേറെ ലെവൽ
Positive,Enik. Albudham sidiqane aan 1kodi bajat aayalum. 100 kodi bajatayalum sidiq athil. Kanum. Legend.
Positive,Kayy adi makkale parayam verum akkagalakki mattiya manushan
Positive,Mamookka oru rakshayum illa kidilan
Positive,All The Best Ikka... Njangal kathirikkunnu.. Ettan Fans
Positive,Ikkayude veshapakarchakalude oru pemaari thanne urappikaaaam The face of indian cinema #Megastar
Negative,Dislike adicha....... Kal poyi 1080 p itte kaanada naayikkale
Positive,2019 peranbil thudangi maamankathil ethi nikkunnu veshapakarchayude thamburaan. MAMMOOTTY
Positive,Mammukkaa  aa shabdam Kelkan matram njan ee trailer 10+ times kandu.
Positive,Aa urumi karakki adikkunnathu woe ROMANGIFICATION
Positive,Mammookkaaaa love uuuuu ingal poliyanuuuuuu 68 alla ingakk  34 aanuuuuuu
Positive,Ith polikkum
Positive,Ufff aaa.. Avasaanatha ekkauda aaaa kuthhill thanne unde ellaa.... Power figuresum
Positive,BGm.. Uffffff... Romanjam.... Katta Romanjam  Epic Mamangam.. മമ്മൂക്ക  Haters.... ചാവാൻ ഒരുങ്ങിക്കോ
Positive,Mammokka fan ayathil njan abhimanam kollunnu polichadukki trailor eni theataril kanam
Positive,Malayalathill edhuvare egane oru trailer kandittilla
Positive,Oooohhhh oru rakshayum illaaaa... Pwolii poppwoliiii  Ingalaan thaaram
Positive,Eeee cinema thanna venuchettan muthaaan muthumaniyaanu
Positive,Yente ponnu ikka ningal oru jinnanu
Positive,Urakkam nashtappettu  Ith pinneyum kaanan thonnanu
Positive,Ippo ettanfan ikkafan parayunilaa   Malayalam industry verea level aakanm so fdfs parayunilaa fd parayunu
Positive,Fight dialoge bgm oru rakshayum illa
Positive,Onnum parayanilla. Vere leval movie ayirikkum
Positive,Fan fight alla malayaligalkulla abhimanam avattee
Positive,Historical character cheyyaaan mammookayaan  best  Entha aaa shabdha gaambheeram
Positive,Ipo 10 vattam kandu yennittum madhiyavunnilla romanjifikshan ikka
Positive,hooo koritharipp romaanjam ulpullakam entammo adaar trailer
Positive,Mammoka polichu.  .. Onnum parayaanilla.. The king of Indian cinema Mammoka
Positive,Malayala sinimayile ore oru rajav ikka muthan
Positive,Pazhassi raja pole oru mega hit aavatte
Positive,Ikka ingalu polichu vere level
Positive,Ente ponno  kidukki   Rajueattan 🤩 fans nte vaka ellaa vidha aaashamsakalum nerunnu.
Positive,Trailer vere level Anu makkale🤩🤩Mammookka uyir...   mamangam_november 21
Positive,Lalettan fans nte full support 🥰🥰🥰
Positive,Ikka massmamangam pwolikkum. Ikkade adutha 100 cr movie. Urappicho
Positive,Ikkaaaaa masss enn vechaal ithaam masss
Negative,Poojappura laalunni fans dislike adichu kuru potichitund
Negative,Sajeev pilla enna sadaranakarane aarum marakaruthu...chaverinte cinema cheyyumbol chaverayi poya oru manushyan.
Positive,( ( ( KIDILOSKI   ) ) ) )
Positive,Onne parayanollu eee prayathil eemathiri role athu mamookakkalathe arkuu pattum
Positive,Mammooka ingalu powli anu ... Waiting
Positive,Storyum cinemayum polikkum along with mammookka
Positive,Ippozhum repeat adich kanunnavar ivdey like ikka🥰
Positive,Veeendum veendum kaaanunthorum veendum kaanan thonuna lahari....
Positive,Ente ammo kidilol kidilam. Oru raksha illa. Prayathe vellum veeran
Negative,Ekka trailer ethanel padham teatre pooraparambakkumallo.evdem kanum disliken marr
Positive,50.dhe pravshyem  kandu kolakkolli trailer
Positive,teaser kandappol katta valippanu ennu thonni
Positive,Polichu katta wait mamooka fans adi   like
Positive,Poli annu kidu annu mass annu pine
Negative,Ee cinemayilum mammootikku pani kurache undaku dilog kure undakum..paniyokke piller edukkendivarum
Positive,Mass and class . Mammookka #faceofindiancinema . Nalla cinema aavatte
Positive,Adipoliii padam....ellavarum must watch.....suraj oru rakshem illaa
Positive,Innaleyaaane kandath super Padam..... ellarum famlyaaayi poyi kanan super abinayam
Positive,Suraj Chetan kunjunni maashinte athe cut und.....valare nalla character chetaa
Positive,Adipoliii movie..Suraj nta acting super ayiittodee....anike othiri ishtapatuuu..super movie
Positive,Kandu....nalla movie....Suraj oru rekshayumilla.....jeevich kanichu.... award urappa....nalla movie....comedy + love + Sad.....kunjappan Pwoliya.....
Positive,Soubinum Suraj ettanum polichuuuu padam poliiiii  oru family ayittum kannan pattiya nalla padaaammm
Positive,Ee padam kand chirich pandaram adangi
Positive,pinne ee japaane kond oonum parayanda ........ sirich sirich chathu
Positive,Suraj anna.. entha parayya.. annan nte acting .. vallathe range aayi anna.. onnum parayan illa.. othiri ishtama
Negative,Ith polathe oombiya trailer njan kandittilla patti okki surajinte appante soubinte pooru
Positive,Super movie ella arum kananam   Suraj robo  combinations kalakki  Vathyasthamaya oru anubhavam
Positive,Padam kidilan ane oru rakshayumilla pakshe ithpole padam englishilum umd Robot And Frank enn pere athum pwoliyane
Positive,Nalla movie aanu ellarum kananam surajettam pwolichu. Nalla oru massage thanna movie.
Positive,Yanthiranil Rejini Annan robot aayi abhinayichu ennal robotinte koode abhinayicha asaadyapradhibha nammude swantham dhamu Aliyan
Positive,Ella new gen nadan maarum ananju...eth saubin ugam 🥰
Positive,Surajanenn trailer pakuthyethiyappo mathrame manassilayullooo... surajettan pwoli
Positive,surajinte body transformation... ho... vere level nadan aakuvanello oro padam kazhiyumthorum..
Positive,Suragaattadaa kidu luck   .   Qatar biggest shopping mall  watch my chanall
Positive,Ellaavarum ente channel onnu nokamo ishtamayenkil subscribe cheyyamo suraj ettan soubin kidu
Positive,Oru vayassaya manushanaayittu enthu kidilaayitta abhinayichu kaanikkunnathu
Positive,Trailer kandappo thannea cinema kannan thonni.katta waiting
Negative,Atom bomb
Positive,Suraj sir nigalku ithra athigam talent undu ennu eppolanu ariyunathu polichu
Positive,Malayalam cenimakall vere our talattilekku ettiyrikkn uuu....gambeerammm....
Positive,Surajettan ippol kadhapathramayi jeevikkukayanu.. mikka cinemakalilum
Positive,Surajettan kunjunni mash ayi abhinayichal powlikku.m
Positive,Suraaajjj poli soubikkaaaa we are waiting...
Positive,Surajettanum subin ikkayum polichu  sesham screenil
Positive,Suraj vere level  soubin  ithu thakarkkum
Positive,Suraj ettan fans fans like ivide
Positive,Enntta surajetta Super oru rakshaum ella
Positive,Trailer aaya engane venamEthrem kandapole film kandolan vayya
Positive,VERE            LEval
Positive,D0P POLIYANE . CASTINGUM POLIYANE . LOCATIONSUM POLIYANE.
Positive,ee video onnu kandu support chaiuka
Positive,Adipwoli Suraj chettan soubin ikka  veendum nammal malayalikalkku  variety cinemakal tharunnathinayivariety cinemagal ishdapedunnavar  adikada like🤗🤗🤗
Positive,0:27 trailer ലെ mass dialog
Positive,Last dialogue kalakkki makkale  Surajeetan poliyalleeeee
Positive,ithu pwolikkum... sudaani from nigeria movie eavdokyo manasil oodi vannu...!!!
Positive,Suraj ettan powli..koode soubin ekka...pine paryano ....katta Waiting anee
Positive,Ee padam vijayikummennu orruppullavar adi oru like
Positive,Eth suraj ettan vaikunundengil.....etta nighalanu epo ente superstar....parayunathinekalun nammal chaidhukanikunathila vijayam ennu ketitund...proud of u....oru aniyathikutti...
Positive,Ithu polikkum surajin kodukk oru like.
Positive,oru rakshayum illa surajettande abhinayam surajettande abhinayam ishtapettavar thazhe like adikvo?
Positive,Soubin ikka suraj ettan lead  roll ith oru sambavam aakum katta witing kidukachi filkm
Positive,Trailer kandpo thnne film poi kaanan thonnindu
Positive,Korach adhikum award kude  undakendi verum enn toonna suraajettante acting kanumbo
Positive,Prithviraj. Nighal oru marana mass sambavam
Positive,Kazhinha 8 kollam mai ee peru kelkunnu.. but 5 kollamai kathirippum....athu vere levelil
Positive,Ethra thavana kandennu enk polum ariyilllaaaa
Positive,Ithupoloru kidukachi trailer njan vere kandittilla
Negative,dislike adicha premukhan markku nanni . asooya
Positive,Neerali
Positive,Super trailer cinema kandale  bakkie parayan kaziykka llu
Negative,Kashtapettu Unlike cheyyunnavar aaruda fans ennathinu samsayamilla  iniyatra unlike adichalum avarkariyam Padam records bedikumennu
Negative,Manju..ival ithilum ondooo naasham..apo ee padavum njjn kaanunnilaa
Positive,Enta ponoooo  enna lookaaaaa
Positive,Super trailor katta ikka fanaya എനിക്ക് വരെ romanjification
Positive,Rajuettan oru rekshayumillatto...... Direction pakka...& Lalettan as usual marana mass performance
Positive,Mass Marana Mass  Stephen Nedumballi yude rashtreeya thervazhchakku ini orazcha maathram katta waiting
Negative,16k dislike adicha ma.. Mahaanmaarude shirasu pilarnnu andharikane.. Bagavaane
Negative,Dislike adicha makkale okke onn kaanendi varum
Positive,Njan kandukondee irikunnu... vendum vendum.. vere aarenkilm undo ennae pole....
Positive,Rajuetan direction kidilanavumenn ee trailer kandal urappikkam.. oru rakshayumilla
Positive,Kgf bahubali 2.0.... nammukum oru adar item undennu para...
Positive,Katta waiting  for Stephen echayan 🤩🤩🤩.      Odiyan mathiri akathe erunal mathiyayirunu
Positive,Lucifer ....
Negative,Dislike adichal Ella Shemalesnoodum 9noodum . 28nu theatre IL baaa pooram Kanam
Positive,Ithann njangal kaathirunna vintage ettan  love you etta
Positive,Itchy poloru trailer ithuvare kandittillaa ini kanumonnu ariyillaa kinnnaammkaachiii polichuuuu
Positive,Padam 1 st day kaanum athu urappu.
Positive,Stephen nedumbally oru cult aakum makkale
Positive,Murali gopiyude dialogue vere level aanu
Positive,Keralathil kingum devilum godum ellam ettananu ..this is mohanlalwood
Positive,entee moone goosebumbs overload raju ettan direction polikum
Positive,ORU CINEMA KAYINNE ERAGEYTHE POLE!!!!! MASS !!!! KATTA WATING!!!!
Positive,Trailer kandu lalettaa Cinema super hit avum all the best to you lalettaa
Positive,Oru rakshayum ila mass kola massss #Ettan
Positive,vndum vndum kanan njanum und ettan
Positive,Romam oke eneetu ninnu salute chyum
Positive,Oru rakshayumilla lalettan and rajuvetta polichu
Positive,Ithinekalum valya pulli ini indavumo nammude lalettan allathe. ....!
Positive,Ee traler kanditu heavy mass feeling kitiyenkil full credit goes to Rajuvettan
Positive,Powlich laletta nigal  mass alla maranamassannnnn
Negative,16 k..  mammooty fans thayolikal dislike pooranmar
Positive,Murali Gopi enna writerum...Prithviraj enna director.... Mohanlal poolathe actor vechu cheriya kalikkonnum nilkulaa.... echiri main item LOADING....
Positive,Lucifer um madhura rajayum  block buster film avatte........
Positive,Ente anna oru rakshaym ella.... Adipwoli
Positive,Theoteril ninn irangiya oru feel...enikk maathramaano!
Positive,odiyante tholvikku sesham lalettante uyarthezunelpp love you laletta
Negative,Lokal poyi Madhura raja teaser kanada
Positive,Ettan mass anneee.....Nala orginal paka mass
Negative,NALLA KIDUKACHI TRAILER  Haters dislike adikan odi vannallo
Positive,rajaede pilllar strong anell ettante pillerrr strongoo strong.....
Positive,Maass.trailer ennu paranja ithaanU makkale.....katta waitinG for #Lucifer
Positive,Poliiii super luv it.  ......
Positive,Lalettan - Prithivi combo vera level...  Pwolichu Lalettan & Prithivi fans like adiku makkale
Negative,Yendha ee Pallayappan parayunnath. we padam pottum. suvaranu
Positive,simham Thane romanjm nte ambho ndh manushyana ith
Positive,Innathe divasathinoru prathyekatha und  Innanu randu pulikalude kaladayalam kanda divasam  Katta waiting for releas
Negative,enth moonjiya padam oombiya kadha parachil avante konathile padam
Negative,Social media vazhi paranju perippichu raju. .
Positive,Marana mass lalettan fan aanennu parayumbol abhimaanam..
Positive,Super film adipoli njhan theatre povaan vaashi pidicha supermfilm ishtappettavarkk like
Positive,Oru rakshayumilla nalukalkku ippol kandathivechu ettavum bst film
Positive,Oru ikka fan aaya enne vare eattan fan aakkiya movie
Negative,Engane aada uvve 32K dislikes okke vanne? nammude naatil athrem mandanmaar undo
Positive,kidilam cinema ethinte second part aragiyirunegil
Negative,Prithiraje than ee pani nirthiko enthon kopile padamado
Positive,Njagade lalettanum manju  chechiyum kolamass jodi annu.
Positive,LUCIFER KI JAY  LALLETTAN POLICHU MASS  VERUM  MASSALA  MARANA MASS LOVE  YOU LALLETTAAAAA
Negative,Lucifer kanduu..... Thatikootuu padam....no story aake ulath kore vedivepum bombidilum..... Kashtmm thane.....
Positive,100cr club keriyathinu sesham trailer kandavar undo
Positive,10M aayonnu idaykk nokkan varunnavarkku ivide like adikkam
Positive,100 kodi clubil kayariyathinu shesham arokke vannu
Positive,10M VIEW  AKKAN TRY CHEYYUNNAVAR LIKE ADI
Positive,Padam 100 cr kayariyathinu shesham kanunnavarundo
Positive,100 crore Box office gross collection നേടിയതറിഞ്ഞു വന്നവർ ഉണ്ടോ
Positive,Polich  .   Best film in 2019
Negative,Ee Padam odiyan Kandu niraasaeaya fansinte thallal aanennum Lalettante class movikalude ezhu ayalthu varilla ennum karurhunnavar like pls.
Negative,ayyoo mohanlal sangiallleeeee... poyi chawada kalla cummi a
Positive,Ejjathi Padam Innanu Kandathu Lalettan Inglu vere level Anu Ee Age lum Ithrem Meyvazhakkam
Negative,ejjadhi oola padam immathiri oola padam jeevidhathil kandittilla my rating 0.5/5
Positive,Padam kndit vndum trailer kanumpo veror feel
Negative,E mass trailer ne vecchanalo madura raja ye compare cheyyunadh...kashtam
Positive,Kidu trailar....lalettan king of Indian cinima..
Positive,1:50 nu sesham trailer vere levelilek aan pokunnath
Positive,Maranamass  lalettan kasari ini March 28 vare waitchayyanamallo
Positive,Lucifer teaser adipolii.  Ennalum madhura raja teaser kan poitt illengil lose avum
Positive,Lalettaaaaaaaaaaaaaaaa oru rakshayumilla superb ettaaaaa love you lot
Positive,Prithvi massaa.. Ettan maranamass.... Lucifer  thakarkumm  parishauda annee poyi njan cinema kannom
Positive,Ambooo  Ettan kidu acting  Raju Ettan poli making
Positive,id thakarkum  kure idavelak shesham  mammooka vs lalettan (mammoka fan)
Positive,laletta polliku full support annu
Positive,Rajuvetta ningal maranmass love you oru great success avate....
Negative,As 15k dislike itavarod aranenokke mansilayi oru choddyam       Nanam undo
Positive,Pwli trailer
Positive,Marana mass pwolichu kolakollii.... Kidu... No words to express
Positive,Ente ponnooo marakam iyyyoooo goosebumps  Kathirippinte kolamass trailer  Poli kidu kidolokidilan
Positive,vadaaa mass dialogue..mammootty fan aya njan pattunnu...ithu lalettan thakarkumennu...koode vishakite madhura rajayum...
Positive,35 minutes...watched 5 more times...Stephen nedumpalliyude kalikalkku waiting...
Positive,Nthayalum ethil ninnu oru karyam manasilayi.....prithvirajinu pani ariyam.....varan ponath oru onnonnara  mothalaaaa
Positive,Vaan Trailer .... laleetta nigga Oru jinn Aanu kettoo.....mass voice
Positive,Oru KGF manakunundo...   Alla KGF ne thakarkkunna oru Mass item manakunund...
Positive,Ente ponnanna..... Ente jeevane.... Lalettaaaaaa... Ummaaaah
Positive,Pratheekshakalkum appuram kaatti thannu pratheeksha orupaad uyarthu prithivaraj enna nammude malayalikalude swakarya ahangari...!!
Positive,Dislike adikaan vendi vannathaa.. pakshe.. #LUCIFAR ith pwoliKum... all d bzttt... by ikkaa_Faan🤩
Positive,sadha pichaththi mudhal rocket launcher vere und..  rajuvettan enna summava
Positive,lalettan ..vere levelaanu .  massss....🤩🤩🤩
Negative,Kanditt madhura raja trailer il ninnum oru story illatha moviyaanenna feel kitty
Positive,Padam clss ann വേറെ level ayirikum
Positive,Ente laletta powli. Romanjam...... Umma..... Love you laletta. Raju etta ningalu powliyanu
Positive,entta ponno vara level  katta waiting
Positive,Chunk alla chunk edippaaanu laalleettaaan
Negative,eth 14k alavalathikal aanu dislike adichath
Positive,Onnum.. Parayaan.. Illaa... Leavl... Levalll...
Positive,Pakka trailer. Rajuvettan Brilliance. Lalettante all time best character aavum.. luv u laletta
Positive,Pani ariyavunna oruthante kaiyil lalettane kittiyal theeravunna preshname undayirunnullu. Athethayalum ok ayi.  Lalettanrajuvettan
Positive,Ente ammo marranam maasss alla kollaa maasss aannuuu lallettan  Ithu pollikum
Positive,Lalettane konde pattu super script aayirikum
Positive,enthe ponno enna lookkada mmmde eattan
Positive,lalettan screen presence 100 percent in trailer. Lalettan politics and actionil thakarkkum ennullavar like adi........
Positive,Ammachee.....kidu. ( mr.sree kumar menon ithokke nokki padikk.
Positive,lalettan kalakki.....polich...... ithine vellan oru madhurarjayude treaserinum pattilla
Positive,KANJI CHODHICHU INI ARUM VARARUTH ASSAL BIRIYANI THANNE ANGU THANNU VITTITTUNDENNU PARANJEKKU
Positive,ഏട്ടൻ വേറെ levelaaa
Positive,Kiduvo kidu.... .. onnum parayan illaa ...
Positive,Ente prithvi anaa engalee polikumm ...romanjamm
Positive,3 MINUTES MARANAMASS TRAILER  KATTA WAITING......  MANJU MASS LALETTAN MARANA KOLAMASS
Positive,Prithvirajinu .. thettilla.....lucifer  god luck.
Positive,Lalettanu Thulayam malayalam film industry yil Latten mathram...
Positive,Mammootty fans polum like adichu pokum adaru trailer
Positive,Laletta Ie thanne njangake vendiyirunnathe nigale egane kannane njangake ishtam
Positive,Ithu vere level aane makkale.
Positive,Mamookka happy birthday......Eee prayathilum enna oru energyaaaa
Positive,Happy birthday  ikka movie polkikum....
Negative,Onn madiyaaak mammookka Vayassan aayalle Pudiya pullark avasaram kodukk
Positive,King ikkak  68 nta youth laak swa swagtam
Negative,271 dislike ara adichethennu ivide ellarkkumariyaam
Positive,Mammokka ponnikka happy birthday  love you
Positive,HAPPY BIRTHDAY IKKKAAAAAAA  LOVE YOU IKKKAAAAAAAAA
Positive,Happy birthday mammokka  Trailer kidu padam thakarkkum
Positive,Nalla comedy movie aanenn thonnunnu....katta waiting🤗
Positive,Nannayi varatte . Manassil niranja Ashamsakal
Negative,Trailor vannapol unlike adikunna kure pooranmar  poi chathoode kunnakale
Positive,Annum Innum Ikkayude Bthday nnu vachal nammal malayalikal ellarum oru atbudama...   Vayasulpade tettate malayalikal parayan  Matethu nadanundu inganoru pretyekata  #Ikka
Positive,ikka mass alle.lalettan fAns kude ondu
Positive,Ikkka   ika.....  WaitiN mamanGam
Positive,Duper hit aavatte  Mammookka
Positive,68 tikayunna youthanu veendum oru perunnal sammanam prisharadi vaka..
Positive,Malayalathinte evergreen yuthan pirannal aashamsakal Mammokka uyirrr
Negative,Aa myran sohan seenu lal veendum mammookka yude koode koodiyallo padachone...
Positive,Onnu urappa full entertainment movie yaa.. Yente ponnu ikka fans onnu kaddak pidichaal oru blockbuster engu poorum ....
Positive,Happy birthday Ikka love u  Pratheeshkal athiru kadanu Ganagandarvan keralakara keezhadakum
Positive,Oru best actor manakkunnu....happy birthday chunk ikkaaaa
Positive,Ilka polichuu  pishu  padam polikuma
Positive,Happy big day ഇക്കാ  Love you.....
Positive,Kidilan trailer .. ikka ushaarrr  ithu super hit aakumennu urappichavar ivide chumma likeetu pokko..
Positive,Trailer kalaki ente ponnikkake happy birthday
Positive,12:00 pidich ninn eni sugayitt kidann uranga  eni release n vendi iam waiting
Positive,Wow... Extraordinary trailer.. Eanna acting aanu ippolum njangada ikka.. Kode ninnavar palarum kali marannu tudangi ikka.. Muttanu.
Positive,Mammuka happy birthday stay blessed live long padam pollikum nammal kallakum🤩
Positive,Oru like enikkum tharuo.....ikka uyir.love u ikka
Negative,ingerum verum myran aan padukilavan mammooty myran
Positive,Adhikarappeduthunna gadikaarame. Ithu gadikarangal nilakkunna nimisham. Indian cinemayude mugamudhra
Positive,Pani Ariyavunaknd thanneya pidichu nikune .. 🥰 oru family feel good movie koodi vrununde ...   Happy Birthday  Mammooka
Positive,Happy birthday ikka   Happy birthday ikka Happy birthday ikka
Positive,Heavy trailer uff 0:14 bgm and ikkante performence
Positive,Happy b dy ikka  malappuram ikka fans like adikk
Positive,7 minute kond 8.3 k view🤩
Positive,Immanuvel pokan pokunna item kikidu hbd mammokka
Positive,Trailer kanditu mammooka veendum karayipikum ennu thonunu
Positive,H b d mammokkka.... Best actor ooormavannavar ndoo.....
Positive,Hpy bdya ma lovely ikka
Positive,E padam polikkum allee  mammookkaa fans nammakullathaaanu e padam
Positive,Ikka mwuthe happy birthday   lub u
Positive,Mammmookka no words.katta support to GANAGANDHARVAN . Kalasadhan ullasinu janmadhinashamsakal. Pinne pisharody
Positive,Happy b day ikkaaaaurangathe ethinayi waiting arnu
Positive,Happy Birthday Mammookka  Katta ikka fans like adichu polikk
Positive,Ayippan poli an muthe ni an muthe hero ayappan fans like
Positive,Endhinaa makkale kooduthal aa varavoru varavaraaan mmle swandham ikka
Positive,Mass entry ekka
Negative,Mammootty nalla cinemakal vittu pinnem mass floppukalilekku pokanallo! Mayiru....
Positive,Poli...... By  A ikka fan
Negative,enghall oro movieyilum oro makeoverumm realistic aayiii mass kaanikunadhumm kaanumbazhaann lalettane oke eduthh kinattill edaann thonunadhhh..by a lalettan fann
Positive,ikka scholl mass dailogue ellarum maranna mattoru item und therrunnillallo katta exitment raju ettan  full suspence...
Positive,trailor editor kk oru kuthirapavan kodukaan thonnunavar ivide camonnnn!!!!
Positive,Aravindraj rs.(govt:model bhss thycaud
Positive,No way man ikkaaaa next hit
Positive,Polikum Avasanathe aa varavu ho  Romancham ikka
Positive,Nalla polippan school life kanam katta waiting for you Mammukka
Positive,Ente ponnikka ingal enna monj aane
Positive,Oh...Iththakathallo. sankar ramakrishnanu dhairyamayi kunjalimarakkar directcheyyam
Positive,Vere level trailer and bgm  ikka look powlii
Positive,Adi kapyare koottamani.....box office chattu....mammooka konnu....
Positive,Ikka varunnu iniyum maasukal srshtikaan in the age of 68 ikkaye ishtamullavar like kodukk
Positive,angana pritviye kanan 5 july
Positive,Oru rakshayilla pwoli Ikka n Ikkade dialogue vere level
Positive,Uff kidilam oru ethum pediyum kittanilla story nthayirikkumenn 5vare Kath irikkanamallo katta waiting
Positive,FDFS.. trailer kandu ithu vareyum njanithu paranjittilla..🤩🤩
Positive,Aiwaaa... aaa last scene.... ente ponney ejjaathi trailer
Positive,Ntammo ikka pwolichu  Padam kidu Aayirikkum
Positive,Malayala cinemakke oru pudiya yuva nadanekkoode kittaan pookunnu.  Waiting
Negative,Trailer kandukondirikkumbum mothhavum ottae chinthayae ullaayirunn ethil ikka illallo ethaetho poorimon undaakkiya udaayippu trailer aanaenn avaasanam ikka kandappozhaa samaadhaanamaayath
Positive,Trailer pollichu Last seen repeat adichukandavar like adikk
Positive,Mammmukkkkaa pwoly ! Bike stunt isto undegil vaa makkkle nammle chanlot !
Positive,Mamookaa look... oru rakshayum ellaa...
Positive,Angane july month ile ende aadyathe leave njan angu edukuva July 5 nu
Positive,Nice Trailer.  Orupadu New Young Stars Mammookka movies vazhi Prekshaka Sradha aakarshikkappedum ennu thonnunnu.  All The Best
Positive,Ejjathi MASS  Romanjam  mammookka
Positive,lalettan faana big fan ennalum ikkanem ishtaa we r waitting
Positive,ikka and rajuettan... uff goose bumps
Positive,Last scene kalakki.... Can't wait to watch
Positive,Ente raju etten mwthanne......rajuvattente aa voice mathi .....pinne onnnum venda ...
Positive,Enta mone ikka vere level   Lalettan fansinte abhivadyangal
Positive,Uffffff.. mammookkkaaaa.... love youuuu...  massssss... katta waitingggg
Positive,Ikka ki jai powli trailer onum parayan ella super masss
Positive,Mammoka karanjal sahikkathavar indo..valsalyam
Positive,Mammotiyude look divasam kudunthorum kodi varikayannallo
Negative,charithram onnum parayanda mammunniyalle Ella malayalikalkkumariyam kuninjoru paniyum cheyyathillennu
Positive,Mamooka Polichu  Oru Rakshyumilla Mass
Positive,Ee Aduth Kandathil Veach.... Kidilan Trailer....  Ikka....Padam Pwolikum
Positive,Uff mwonr kinnam kaachya item
Positive,rajuvettan lalletan hit kazingi ini rajuvettan mammoka hit rajuvettan ishtam🥰
Positive,Anganey avasaanam malayalathilum oru vedikkettu trailer irangi
Positive,Itu polikkum ithu polikkum Eppo polichennu chodicha mathi
Negative,740 kuru potti
Positive,Ikka  Mollywood King  uyir
Positive,ഇജ്ജാതി BGM..  Power Full Mass Entertainer Loading......
Negative,Guest role aanu ..athinu eni valiya thallu venda....
Negative,Trailer erengunenu mumb 5.2k dislike adichavanmark ente naduviral namaskaram
Positive,Ikkakkaano! ettanaano!  kooduthal view&like ulle enn nokkaan varunnavar ivde oru lyk idu.... 🤗
Negative,Pooram kaanathe dislike adichavarkk  #naduviral pranaamam
Negative,Earangunnathinu munb dislike adich moonjikkaan koreu ennam earangiyittund
Negative,Poi chav Madura raja illalpo oruthnm thalla pokkula
Positive,Late aayi vannalum latest aayi varananu A10 nu istam latest aayi tanne varum  Lalettan
Negative,Kanunnathinu munpe dislukke like adichaa ellaa malavangalkkum ente naduviral namaskaram
Positive,Odiyan trailer nakalum katta waiting Lucifer
Negative,Trailer erangan 1 manikoorinu munpae  3k dislike...  Nth tholvikal aano ntho..  kanditu vilayiruthu suhurthukalae.
Positive,You tube 6 mani thottu hanging aanu ethum koodi aavumbol YouTube pottitherikkumo
Negative,Ijjathi kuru trailer releaseinu mumbe ikka fans dislike adikan thudangiyo
Positive,Gangster vannu thakarthu ini monsterinte oozham #L
Negative,mmale naattil degradarsinu oru kaalathhum kammi undaakilla...athaan nammala naadinte main shaapam
Negative,teaser erakune munbe 1.4 dislike..  enthina enn manasilayaila...
Negative,Trailer release aakunnathinu munnae 1.3k dislike ooo
Negative,Ethil vann dislike adikkunna makalkku epo thane kuru potti thudangiyalo
Negative,Ithinidakk 2 pearum dislike paniyum kashttam
Negative,Trailer kannunathinu munne dislike adicha mahanmark adaranjalikal....ivrk matram engana pattunoo ijathi kuru pottikal....kashtam...
Positive,Rajuettan director ayath kond ith jaikkuvairikkum
Positive,Aa thumb nail ile look nokkiyatte. Oru adaar mass block ulla rangam aanen urappayi
Positive,Kolla mass trailer  By lalletan fan
Positive,Hufff bgm.ikkka mass pakka masss
Positive,nothing but masss...making okke kidu..kadha koodi kiduvaayaal charithramaakum..
Positive,eante ponnu ikka mass love mammookka
Positive,E  adaaar item adaaar item ennu paranchal entha ennu eppalla manasilayathu
Negative,Sheenam trailer.ee keleavan ed nirthaana aayille
Positive,Marana  mass  ikkkaaa
Positive,Thakarthu
Positive,Derik abraham vannu pwolii...bgm adaar item!!
Positive,ufff ikka ethe polikkum. Katta waiting
Positive,ENTE PONNO ORU RAKSHAYUM ILLA KIDU BGM
Positive,Ith oru onnonnara itemm anello ikaaa.......
Positive,Ellavrum head set upayogichu kelk
Positive,Kidu adar item !! From a kaataa laleetan fan
Negative,Apo athum potti .. aaaa pratheekshayum poyi
Positive,Oru rekshellaaaaa  thakarppan Pwoliii item
Positive,Kidu item myrole...onnum parayanilllaa....adipwoli...fdfs.    Lockeddd .ikkkkkkkaaaa loveee uuu
Positive,Wawu..variety ayitt ind.. oru korean movie level..
Positive,Enta ponnooo..... Adaar item.... Ith pwolikkum..
Positive,Wow ikkaa mass  bgm pwoliii   katta Waitinggg #Abraham
Positive,Nalla movie njan theatril poyi kandthalalettan poliyanu
Negative,Veruthayayi kashu poyi pratheeshyode arum pokaruthe
Negative,Family entertainer? Family kk kanan pattatha movie full inner meaning
Positive,Ittimaniyil... LOVE und.... ACTION  illa....DRAMA und... Movie bore adipikilla..Poi.. Kandu.. Istapetu...
Negative,Trailer kandal ariyam nalla oombiya padam aanunn
Positive,Njan mammootty fana but lalettan e onam thootuvarum polikkum
Positive,Super movie lalettan oru rakshella
Negative,ee padathinu reach kuravanu.Trailerum pora.Pottum ennulla karyam guarantee.pinne fans vannu enne choriyan nikkenda.Sathyam ithaanu
Negative,Ettante nayikayaitt a peratta hani roseineyallathe vere areyum kittiyille nayanthara mathiyayirunnu nayikayai
Negative,Eppozhum abhinayikkan mohanlalum mamootyumea ullu new generation arummilla
Positive,Ittimani kanaan arokke plan ittu.katta waiting
Negative,ee padam 8 nilayil podannamennju prarthikunnju
Negative,Mohanlal fans nte oru gadikedu Ithokke theater el poyi kaanaade
Positive,Oru kidukaachi entertainer aakumennu vishwasam....lalettan polichu...
Negative,Koora Trailer jattimaanii padam pottum 100percent lalappaaaaa
Negative,Ithu ikkayude script aanu..   Uttopiya
Positive,MAMMOOKA FANSINTE ELLA VIDHA ASHAMSAKALUM NERUNNU...
Negative,0:29 Vendaayirunnu
Positive,Ittichante vaka oru sample hitum koodi
Positive,Eee onam lalettanum pillerum agu eduthu
Negative,Unlike adichavarkku naduviral namaskaram.  Support like
Positive,Variety laletta
Positive,Kiduuu Trailer   Lalettan polichuu Apol ee onavum ettan kondupoi
Negative,Lalettante adutha pottapadam...Laletta ithokke mathiyakkan aayinnu ...Please
Negative,Trailer nte pokku kandattu valya pratheeksha illa..    nammade george ettans pole
Positive,Egane ulla movie kal kaanan aanu ellavarum waite cheyunath
Positive,Kidu trailer... padam super aarikum ennadhil oru samshayom illa..all the best team HELEN
Negative,Police ill minimum  hight elle  Aju oke police
Positive,chettan mass.. ithu oru malayalam kgf aakumo ennu oru doubt
Positive,Marana Mass Trailer........ Katta Waiting FOr DEC 20.. Pullu Giri
Positive,Linto kurian fans  jayasurya nte career le super trailer
Positive,Bgm athu kalakkii muthe sambavam lesam haram kooditha to
Negative,ith oru oola padam aayirikum enn manass parayunu
Positive,Jayachettan keeee jayi.... Love u etta....
Negative,dayav cheyth pretham 3 irakkaruth plzzz athrank unda padamaayirnn pretham 2
Positive,Enttammooo poliii polii trailer  ee X'mas pullu giri n Team kondu povum  No doubt jayeattan Mass 🤘
Negative,DISLIKE ADICHAVARK  IRIKKATTEE  ORU  KUTHIRA PAVAN......*ejjathi ooolatharam
Positive,Jeyettan massa  kola mass  ennelum onnu kananm nnud
Positive,Jayettan  porikkum urappa    Jayettan super aa  tcr    Slangil
Positive,Jayettan + Thrissur Oru Ugran PooraM Kodiyeri makkale...  katta waitin
Positive,Enta jayetta ithu minnichekkane kazhinjya varshathe nammada pala planum polinjyu ithu athupole avaruthu.' avulla'
Positive,Ithu kidukkum Vere Levelu Aannu Makkaleee
Positive,Trending No . 1. Varanam jayettan daaaaaaaaaaa
Positive,Ithu polikum pappan marana massanengil pullu giri kola massanu jayettante first gangster underworld movie
Positive,Poli poli poli 🥰🥰🥰chende bgm wooow
Positive,Jayetta ee xmas angu kondu poyko
Positive,Jayasurya mass after long time.podi pooram
Negative,Trailer thanne lag annallo
Positive,Joy thakkolkaaranil ninnum oru massZz change
Negative,Mass pora..lag anu alo... trailer um padavum...be careful
Positive,Jayasurya fan from Tamilnadu vera level
Positive,Ivide Palakkad Jayettan Fans club nnu ashamsakal!!! Adichal romam ennikum athaanu Thrissur pooram
Positive,mammootty fanse nde vijayasamsakal ...............jayeettan masss kolammaaassssssssssssss
Positive,Katta waiting jayetta oru onnu onnara trissur poorathinu...... Mass alla marana mass anne .... Jayettan polich adukki.. Padam
Positive,Kandirikum..december season jayettan lelathil angu pidichunu paranjekk kta..jayasurya fans oru like adiche....
Positive,Ee christmasile oru mass entertainer aavum ee film....
Negative,Tharikida sabu pora oru kazhchakilla .
Negative,Music chila sthalangalil alambayi ....dialogue perfection kittunnilla
Positive,Oru raksha illa  adipoli trailer
Positive,Poli poli poli .... am waiting..
Negative,Tharikida sabu ah poorimone kondu varendayirunnu
Positive,Jayettante punyalanu sesham trissur slangilulla hitakum ethu
Positive,E x mas...... Driving license kazjinjal.. next pooram
Positive,Jayasuriya polich entha mone lookum mundummadakki nadathoke laalettan thottupovumallo
Positive,Jayasurya chyuna a ella characters um pwoliya... Shaji pappen
Positive,alelum immade jayettane pettu THRISSUR slang pedakan  aledaaaaa GEDYOOLLEEEE🤘🤘🤘🤘
Positive,Chetta Done... Deal... Wait... Trailer kollam ... massss
Positive,KINNAN ORU RAKSHAYUM ILLA BGM KIDU
Positive,Ahaa Jayettoo ijjathi mass look.. FDFS urapp
Positive,Jayyetta katta mass .thrilling experience .katta waiting along with mamaankam.jayettan fans ADI like.mammookka too
Positive,Sirea ethu keari koluthunna lekshanam undallo... bumbar hitavattea
Positive,Nalla trailer filimum athu pole aakum ennu pradheeshikkunnu
Positive,Ikka pwolikum from an ettan fan ente ponno Glamour enne paranja ikka ane example style ka baap
Positive,All the best ettan fansinte vaka ikkaykhe
Positive,Polichhhh malayala cinema vera level aakuvanallo... eni lalettan marakar
Positive,Waiting .. Katta waiting.... Mammooka love you  Ikka istham
Positive,Trailer kandappo oru pratheeksha und
Positive,16k viewsum 91k likesum itheppadi nthayalum ang usharakkii #madhura raja power of indian cinema mammookkaa
Positive,Vannu mona real raja ethu polikkum eni anu record maranpogunnathu madhuraraja mammokka king
Positive,Njan oru lalattan fan anagilum...... raja maaass akum..... urappppuuu.....
Negative,Copy full pulimurugan kanuna pole unde
Positive,30 min 400k view adichu makkale🤩🤩🤩
Positive,Sunny chechi poli vaakki onnum enikk parayan illa teaseril kaanichilla traileril kaanichond sandoshaayi... #sunnyleone
Positive,Teaser kandappo cherthayittt sankadayi. But trailer kidu. Oru raksheeelya
Positive,Mammooka inghale njettichaalo 2019 bilalum ithokke kand romaanjam
Positive,avasaanathe superman punch ath kalakkki ente ponnu ikka love uuuu...........
Positive,Padathe patti undayirunnu ah mundharana maari...Oru mass padam thanne ayirikkum...Best wishes
Positive,Mammukka ishttam.. Ith oru kola kolli item aayrkkum theercha
Negative,Padam pottum Ram fans munji.. sudapi teams  kuru pottum
Positive,veendum veendum triler kannunavar like adik evide
Positive,Ithu pwlikkum..... King is back  lvu ikkaaaa
Negative,Salimkumar comedy verupikkum enna kariyathil urappayyi
Positive,Oru rakashayum ella  Ikka polichu
Positive,2019 kollaloo...Perambu
Positive,Njn lalettan fan okke thanneya...but ikkeede aduthuunnu adutha oru pulimurugan pratheekshikkunnu
Positive,Pwliii...mass ith pwlikkum raja ennum raja thaaan..
Positive,Teaser kand trolliyavarkk trailer irakkiyitt madhurarajayude Madhura prethikaram
Positive,Ikka vere level ttaaaaaa.. All the best... Ithu thakarkum
Positive,Ikka vere level
Positive,Pwoli mass marana mass iam waiting
Positive,Raja serious aane rooombaa serious  ith kidukkum🤞 Mammukka
Positive,Raja+ Murugan= Maduraraja Sambhavam kidukki  Waiting For re entry of mammookka
Positive,Ikka muthanu ...prayam koodunthorum kooduthal monjan......
Positive,Ith pwolikkum ennu urappullavar like adikkuka
Positive,IAM LALETTAN fan but  Mammokka us marana mass
Positive,Romanjam ikka predhikshichadh pazham kanjiya but kittiyadh biriyani powli...
Positive,ikkadae pullarkk like adikkanullaa nooll ninga adicholi padam kidloviskii
Positive,Ethu polikkum makalle. Our king is back
Positive,Poli trailer waiting for april12th trailer inganeyanengil cinemayude karyam parayano
Negative,Kurupuutivarunavrde anakil kodtha keechan trailer ikkaaa Uff ingal eeejathi mass  FDFs urappachuu singasa Thalivaa....MaduraRaja #RajaEffect #RIP YouTube Thukkiaydii
Positive,Poli trailer .   feeling രോമാഞ്ചം
Positive,Oru rakshayilla mass trailer!!!  Mammookka 🥰
Positive,Mammukkaa
Positive,Idivett sugunan evide athumkoode venamrnn trailer pwlichu
Positive,Gopi sunderinte teaser bgm kaliyakkiyavarkkulla marupadi koodi
Positive,Ikka ningaloru sambhavamaa...   trailor thanne ethra thavana  kandittum mathiyavunnilla...   appol movie kola maranamass
Positive,Vannu kannu mone poliyalla marana mass da ikkaa love you
Positive,Idivett sugunan.. 0:14 kandavar adi like.. #ikka daaa
Positive,poli  teaser maathiri alla ith pwoli item aanu aake miss cheyyunath rajuvetteme mathra?  ningalkko?
Negative,Bro support koduthilenkilum dislike adikkathirunoode .
Positive,Nde ponnu idivitte powlich adachu adichu powlikkeda makkale mammoooka
Positive,ikka ennum top lanu one and only raja
Negative,7.7k dislikes. Athinu vendi enkilum vann trailer kandu views kootiyathil santhosham...
Negative,Idoru unddaaa padam thanne avum 🤣🤣🤣🤣
Positive,Oru mass +class padam anu eenu ourapichu
Positive,Trailer kandittt ith oru puthiya anubavam aayirikkum a new kazhcha in Malayalam movie
Positive,Pwolich ikka love from ettan fan
Negative,Mammunniyude unda pottum ennulavar like adi🤣
Positive,Oru onnonnara item varunnundu ready ayi ko makale...luving mammookka..
Positive,Ith kandit simple and powerful movie aayirikkum..
Positive,ikka.......Trailer powli..  frm A10 fan
Negative,Unda  alla Unda Pori...unda boxofficil pattakam pole pottanja mathi
Positive,Jeevathod chernn nilkunna padangal aanu lalettanum mammokkayum cheyyendath... waiting lalattan fans
Positive,nyzzzz work
Positive,vijaricha Pola allallo kidu analla
Positive,Perunnalinu biriyaniyum selfiyu palliyil pokkum unda trailarum aaha andhass
Positive,powlichu eth vere level movie ayirikum
Positive,Khalid rahman... we r katta waiting here .....
Positive,Idh sure aayittum hit aakum...
Positive,Oru 100cr koody njnga Ing aduthu #EIDMUBARAK
Positive,Ettan fans Ethra per ee padam kanan pokum Ettan ishttam
Negative,Unda enna perittappo parihasicha priyadarshanu kod urundaa
Negative,Aare parayipikkaan aanaavo unlike cheyunne for the unlikes inte vaayeku adi makkale like.....
Negative,Police ne kuttam parayuna
Positive,Oru adipoli COMEDY + THRILLER aavumenne preteekshikunnu
Negative,Ee avinja fansukare kond thottaallo dei padam kollamengil oodum allel pottum
Negative,Kanda chaavali raja pole alla... kidilan
Positive,Nenjum virich slow motionil oru varavund massennonnum paranjal pora maranamass
Positive,padam   pole anu muthe
Positive,Ith nice aakum..  sure aanu
Negative,Ith polikkum kanditt oru atom bombin vakayundd
Positive,Ith oru onnonnara item aayrikkum
Negative,Engane unlike cheyyan thonnanu....ee kanikkunath Kerala police nte motham avasta aanu .....
Positive,Last ikkede varavum ഡയലോഗും  mass
Positive,Puchivhavarkulla marupadi athum triple strongill ikka ishtam
Positive,ikka thirichu vannu makkale <3 ini adiyude idiyude vedi pooram!!!!!
Negative,Ee padathinte Peru pole thannavum mikkavaarum padathinte avastha
Positive,Ith oru onnonnara film aanennu ente manass parayunnu
Positive,Ow nta bapaa...aa kaaakki shert  sleeve madakkiyulla varavu...allanu..rrrrromam yeneet ninnu...
Positive,FDFS locked ...     Ikka uyir ...
Positive,Ikka namihu ningale only Wold king
Positive,Teateril poi kanan katta waiting ayavar like adiche.. ikka ishtam
Positive,cr nokathe film nokunnavark vendii oru filmmm ayirikyum eth
Positive,Mammokkayude madurarajakku shesham  adutha super hit
Positive,Next hit loading 2019 ikka anguu edukuvaaa
Positive,Ith powlikkutttaaaa...... Mavoyist alla avnta appan vannalum nammal odikkum
Positive,Asif ikka ye screen il kaanan katta waiting..
Positive,Oru rakshayumilla poli cinema mammoka polichadukki
Positive,Ikka ingal polikkumveendum veendum kanan thonunnu
Positive,Ithu oru padamayirikum action orupadu vyethasetha ulla oru film ayirikum.....
Positive,INI aarum UNDA enna peril kaliyaakkilla.oru adaar trailer
Positive,Eid usharakkanam ..Ithiri late ayalum nammal polikkum. Mammukka sa
Positive,Bb sure... katta ikka fan.. fdfs locked
Positive,Oru katta fan is waiting
Positive,Tovinodee oru mass padathinuu vendi waiting aarnuu..  ethu polikuummm..
Positive,Tovino mass alle eeee filmum adpoli aaakum  Oru rakshayum illa tovino mass aaam
Positive,kidu bgm making dailogue full pwli mood ichayan
Negative,Aaaro paranj cheyyipikunnadh pole  rajuvettanokke riyalistikayit polichadukiya police veshangal kanumbol edh
Positive,Ithaanu njangalkk vendath...ippo oru pakka mass entertainer anivaryam... Realistic oke kandu kandu maduthu....marana waiting for kalkki
Positive,Fight scenes muzhuvan hvy  aayittind
Positive,Fight scenes muzhuvan hvy  aayittind
Negative,Enakke trailer ishtappettilla   Enikke toonnunnath ee padam pottum ennaan           Only personal opinion
Negative,teaser vanapo nala pratheksha ayirunu trailer athu kalanju
Negative,Tamil and Telugu padam pole aayalo... Don't kill malayalam movies reality
Negative,Thalkalam dq um rajum nivinum okay padanjarottu thirinjirinno
Positive,Kandittt kadhayulla film ahnn thonnunnu... 🥰
Negative,Dislike cheyunavanoke ethu naarikal aanenavo.... Chathude...   Kidukachi trailer vanetum dislike 1.1k Kashtam preshakare...
Negative,Nth prahasanam aan    Enik ee trailer ishta pettilaa
Negative,Singana suryaye vellan oru poo monum Ella
Positive,Immathiri oru tovino padathin waiting aarnn.......achayan polikkum .........mass Padam .......
Negative,Natural venam polum side lottu maarinikke anganullavar korach mass okke nallaatha
Positive,Tovino.Namak uruttane... Ayyyo adipoki mass muvi ayrkum katta waiting
Positive,Tovino look. & BGM vere level
Positive,AsiF Ali fansinte vaka Ella vidha ashamsagalum
Positive,E padathodu koodi tovino Thomas super star
Positive,Tovino machanzz oru rakshayumilla waiting for  kalkki
Negative,Poraaaa.... oru ghummm aayilla .. korch car blast crowdd okke aavamaaayrnnu... producer paisa sherikyum irakkittilla🤦‍
Positive,Oru kgf kanda feel......🤩🤩🤩🤩🤩🤩🤩🤩🤩tovi machaan verey level aah........
Negative,Sambhasham ..entho oru kuzhappam polae ...padam poliyum ennu enikku thonunnu
Negative,Ithu oru tamil/Telugu style padamaayi poyaallo dialogue and bgm oru gummillaa
Positive,Bgm polichu onnum parayan ella
Positive,ith nammude chekkan polikkum          #kalki #tovino
Positive,Best wishes Kalki ......   Kalki Kalakkatee ........
Positive,Oru mass heeroye kitti mone kitti
Negative,Koothara trailer telugu padam pole und
Negative,Koothara mass padam.. oru simbha touch
Negative,Dialougue okke LKG piller parayunna poleyund
Negative,Sathyam paranja alamb trailer ayind......
Positive,Ithu polichuuu ..   Tovinoo .. Broii .. I m also a ichayan of mii kalla kochu .. .
Positive,Last Title Bgm Kola Masss..
Positive,prayam koodum thorum cinema adipwoli akukayanallo
Positive,Ethavana Oscar kittane Dyvame.... Mammookka... Athu kittum athinu time ayi
Positive,Aaa urumi scene akum ettavum kooduthal kayyadi nedunnath
Positive,Malyala cinemaye verey level aakum mamankam
Positive,Padam polichadukkum ennu urappanu malayalam Industry valaratte valarnnu panthalikkatte🤩
Negative,Dislike adicha mahanmare cinema erangumbo kananam
Positive,Pwoliiiiii mammookka oru rekshem illa.. Best wishes
Positive,Dear Mammookka
Negative,Padam pottum... Charithram akanamenkil marakkar varanam
Positive,Idakkidakk vannu romaanjam kollunnavar like adi
Positive,Reckodukal ini pazhankatha puthiya charithramezhuthan varunnu mammooka
Positive,Aa chekkan polikan ulla ella chance um kanunnund
Positive,Ikka padanine dileepetta fans ella support
Positive,eth theatre allaam onn  kulukkum
Negative,Anu sitharayude dialogue oru dheerha vanithayudethanu.. Athu parayendathu sangadapettalla
Positive,Uff  VERE LEVEL MASS Trailer  Otta Peru mammookka  Mamangam
Positive,Ikkayude kali mollywood kaanaan pokunnathe ullu. Maamangam
Positive,Face of indian cinima kolamass kolakolli waiting november 21 mamangam day
Negative,Adicholu etra dislike veenelum kuru pottichittu oru kaariyavum illa
Negative,Oompitharam alle mr. Producer.
Positive,Ippo kaannuvr like adicho veendum veendum kandittum kothitheeratha oru muthal ufff
Negative,EDA naayikale face of indian cinema alla face of malayalam cinema enna parayada koppanmaare
Negative,eee mammunnikk 10 million onnum ethikkaanulla traniyilla
Positive,kattaa waiting by a lalettan fan#ikkaa vere level
Positive,Mammokka Ennum oru lahariyaanu.Annum Ennum athbudappeduttiyittey ullu. Padam oru vambhan hittakum..minimum 250cr  kadakkum..lookam vaaythum mammotty enna
Positive,Sandarpham muthal enne  vareyullaa ella   ciinemakalum albhudappeduthiyittulla oreyoru   nadana vismayam mammokka
Negative,Ullath parayallooo sidhiq ozhich bhaakki elllaaam chali actorors.... Enthaaavumooo enthoooo.... Comment nookiii... fayankaram ennu parayaan eee trailoril onnum illlaa...
Positive,Ithupolathe kidilan trailer vannitt katta support kodukkathirikkan pattumo it is very awesome
Negative,Chaanakahinalkathu  ulla potimaaankal.. Dislke yethra adichitu  kaaryamilla  yeriyunna Marathil  bhalamundu
Positive,Katta waiting : a lalettan fan 🤩
Positive,Ithaan ikkane megaaastar aakith Ikka uyirrrr
Positive,100 o 200 crore club il keeriyillelum padam super aayal mathi naangalkk Love you Ikka  Love you Laletta
Positive,Ikka age ethreyaan enn chodikunilla ath parinjitt karyamilla enna ippozum ithoke egane sadhikunnu
Positive,Ohoo mamooka powlikum ee jati tralier making kiduwee
Positive,Ethra kodi kittiyalum illellum nalla film aayal mathiyaayrunnu
Negative,Eee trailerinu dislike adikaaanum oru range okke venam 🤦‍ kashttam  Luv u ikka
Positive,Orotta variyil paranjal 68 kaarante Azhinjaattam ...... Wait and see
Positive,Varunnath oru kidu item....  A10 teams  stand vidanam
Positive,Ufff vere level ikkaaa ingha pwoli aahn
Negative,Malaylikal ithraku chettakal ano 7.5k dislike . malayala cinima ithukond evideaku ethi pedathathu
Negative,Ithrayadhikam dislikes...... really ashaming... vallathoru manass
Positive,Mammookka polikkum enn urappullavar adi like. Njn like adikkunnuuu
Positive,Ikkak vinu mohan fansinte ella supportum undagumm
Positive,Ithum koodi kooty  ente 905 aam view
Positive,Mamootiku lalettan fansinte vaka Vijaya asamaskal neridunnu
Positive,BGM ejjathi...romancham...athine pati adhikam paranju kandilla
Positive,Katta waitingggggg Laletta n' Raju
Positive,Kidu frames kidu bgm ellarum kidu look kidu making pinne kidilolkidilan Lalettanum verentha vende heavy
Positive,FDFS LOCKED  LALETTAN  RAJUETTAN  uff ejathi
Positive,Nalla padam ayirikatte odian pole akathirunnaal madi all the best
Negative,Ithavanekoodium hit illengil mammunni fansinte idayil nilkan kayiyilla hit kittiyillengil brithiraj ne ettan fans vechekilla
Positive,Hvy  Rajuvettan rocks 🤩🤩🤩 Lalettan
Positive,Njn oru 8 thavanayengilum kanditundagum Sathyam athrakkum oru ishtapett poi trailer  Tnx rajuveta
Positive,Njan oru lalettan fan alla but ee teaser orupadishtamayi
Positive,Thakarthutto...  Onnalla orupaadu kaaranangalaa...  ith thakarkkum...
Positive,Fucking awesome mahn... Latettan poliiiiii.. Rajubhai chathikikllaaa.. Waiting for lucifer... Odukathe trailer ayi poyi monneeeeeeeeeeeeeeeeee
Positive,ee  vishu lucifer  angu eduthu ennn paranjekkan paranju
Negative,Gilla plus loham plus ramaleelaa...naariya kopi adiii
Positive,mohanlal sir - look ..... kiddo...
Negative,Dislike adichavar mamooty fans ayatinal onnum parayanilla. Raja 3 strong adaaa. Ijjati mammunniss
Positive,Evideyo miss aaya pole pazhaya lalettane thirichu kittiya pole..thaadi vecha pinne..payyan pwoli alle....luv u. .Lalettaa...
Negative,Adhikam hype venda
Positive,Polichu ..thakarthu.  More 20 time watch..kattaa waiting
Positive,Bgm uff  narasimham  feel
Negative,Haters pani thodangind makkale.....sahikunnilla avrkithe kanditte..
Positive,Ambo kiduve.. Kola mass .. Raju etta ingalu Vere level ..
Positive,Adhyam Cheka chivandha vaanam polae thonni....pinne maari  Vivek oberoi....spl aayi thonni
Positive,E traileril ntha chekutan undo
Positive,Dislike adichavarod nammal lalettan fans n verum  pucham matrame ullu  Lalettan ishtam Lalettan uyir
Positive,Heavy trailer. Rajuettaaa pwlichu.. by a ikka fan
Negative,Mammuni thendikal ethra dislikes adichalum Raja 8 nilayil pottum
Positive,ithaanu A10...hatersinte vaayil adichu kayatiya adaar item...Lusifer
Positive,Rajuettan kaiadikanulla dialogues ellam swantham ettanu koduthu lle...
Negative,Ith kandit engana dislike cheyyan thonnane? Sambhavam kidu aait undallo
Negative,Dislike adikunna mandanmar ariyunnilla ithu open akkiyal views nte ennam koodum ennu
Positive,Adipoli set move ayirikum .....a10 thagarkum
Positive,Polichu trailer mass padam marana mass aarikkum urapp
Positive,ന്റമ്മോ ഇജ്ജാതി trailor.. Uffftrailor ethegilum.. Padam. Pwoliyo pwoli
Positive,Mass kanikkan mle palettan kayinjje vera aalullu####
Positive,Nta ponnu muthu maniyeeee  lalataaaaaaaaaaa
Positive,Ente ponne oru rekshem illa  kidukkachiiiiiiiiii...  Lalettan Hvy....
Negative,Ithu party based cast based movie anengil adi pidi vedi anengil Ee padam poliyum.
Positive,Video kanunnathu munne comments aanunokye  ath kndple video sPrb aavummnnuthonni  powli  kAtta waiting fOr LUCIFER
Positive,Rajuvetta ningal mass annu.  Ammoo enna oru feel.  Laletta
Positive,ഏട്ടാ......  മാസ്സ്....  ...  വയ്യ....  പൊളി ആണ്......  no.  Words...... luv ഒരു ആയിരം ummmmaaaaaaaaaaaaaaaaaaaaaaaaaaaaaaaaaaaaaaa
Negative,173k views and 173k likes bakki kore mammunni fans 18k
Positive,Polichu trailer by suriya fan padam polikum
Positive,Shot okke pakka anallo....  Entame...  Raju anna...  Poliynalla.... Wait chayanuto
Positive,Inn ni8 full repeat adich kanan ponavar ivide like adicholu
Positive,spr ... lalettan and rajuttan
Negative,17k dislike🤣...mamunnifans kurupotty  ..  Rajuvettan oru prasthanam aanu...
Positive,Level item.. Padavum ithupole aya mathiyaynu
Positive,Ithu oru  onnonnara  item aayi poi..
Positive,Kidu trailer  by katta mammooka fan
Positive,Ente rajuettaa ningl oru jinn aanu
Positive,Ente ponno rajuvetta namichu lalettan is back
Positive,Powlichu Lalettan and Rajuvetttaaa 🤝🤝🤝🤝 thudangalle Tcr vedikkettu !!
Negative,Mammooty fansavm dislike adiche Poi madhurajak adikadaa Etu vere levela mone dineshaa
Positive,Promising trailer... Lalettaaaa rajiettaaaaa പൊളിച്ചടുക്കി
Positive,madhuraraja and lucifer randum 100cr club urrapayi
Negative,Kodutha pani tirichu annakkil kittunnath kando
Negative,Vyshakinte pagill ettal egane ya views thonne kittuka valiya chanalil alle edendathu luciferne pole
Positive,First Veiwum Likum adikkan Ready Aayi nikkunathu Njan mathram aano🤘
Negative,Haters കണ്ടം vayi panjoo raja പിള്ളേരും stronga double strongalle triple strong
Positive,Mammooka die Hard fans LIKE adichu polikk ith logam kaathu ninna RAJA yude varav ith polikkum
Negative,Ith raja aaa kallykkan vanna eduth uduth kalayum
Negative,ithil premiere akunnathinu munbe dislike adich kalikana saddistukaleyoke enthaa cheyyaa.loka duranthangal hahaha
Negative,2.7 k dislikes irangunnadinu munne thanne vannalloooo
Negative,Trailer idunnathin munb thanne dislike adicha mahaan maark ente oru naduviral namaskaaram
Positive,Varan irikkunnath mass padam matram alla  Comedy entertainer kudiya
Positive,8 mani onnu vagam ayal matiyarunnu. 🤩 #megastar
Negative,ithil dislike adichavarkkellam ente naduviral namaskkaram
Positive,Triple strong aane makkale rajayum rajayude pillerum
Positive,Lucifer kandu kidilol kidilam Ippo Katta Waiting for Raja
Positive,Cheguthan vannu ! Ini 🤩🤘 Rajayude oozham !  #Lalettan  #Mammooka    B I G • M's
Negative,Trailer ethanennu mumbu thanne kore peru dislike adichatind Ivanmaaroke aanu e naadinu shapam champu naarikalu
Positive,megastar back in action !!!!!!! bellary rajayallade #L oori raja !!!!!!! madhuravazhum Raja
Positive,85 minutes more nta Ikka ya kanan
Negative,Trailer irangan 88 mins koode atinu munbe 2.5k dislike nth malaranmaranu
Positive,Super hit aaavatte ....  Frm a lalettan fan
Positive,Raja 100 core kadakum ennu urappulavarke like adiche polikanulla button... Ikka
Negative,Trailer eranghunnathinu munne thanne rajaye pedicha lalettane paripikkanayitt kure fans
Negative,Itrayum nalla Padam ee oola channelil enthinna ittee
Negative,Eth Laloonikkada Kazhapp thu............trailer mumpe Dislike
Positive,Njngalk 100 kodi onnum venda nammada ikka thaaa eee nilkunna pola onnu ninna mathiii pinna enth kodi...........
Positive,Mammukayude 150 kodi padem aayi maratte madura raja
Positive,Lucifer nne polle...... Raja 2 vum vijayikkktte......
Negative,2300 dislikes trailer kanathe oohikalloo arokeyayirikumennu
Negative,Padam mosham akanamennu agrahichittavum padam trailer eraghum mumbe
Positive,Waiting aane pettanne 8 mani aayaal kullamaayirunnu allae
Positive,Lucifer pole oru nalla chitha maayi maaratte  . By  lalettan fan
Positive,Njanum ente pillarum stronga double strong Alla tripple strong
Negative,Jimmittoli vaangale ninte ammede poottil chekuthan keri ookkunnu poy dislike adi
Negative,Dislike adicha oombanmaarude shraddhakku....  Kittiya collectionum kondu oodikko  Chekuthan ninte ettane eduthittu oookkunnund  Adyam avante kunna vayileduthu ethane rakshikk
Positive,KATTA WAITING...   LIKE CHEYYYYY
Positive,Lucifer pola nalla oru padam avatte
Negative,Kure per dislike adich kuru pottikkunnund
Positive,Malayala cinemayude khathi kadalinumappuram ethicha punyam ..megastar mammookka
Negative,Trailer varunnathin munne chila fansukaar dislike adikkunnund. Viewsum koodilla dislikum aakum.
Positive,All the best ikkaa nalloru padam avatte madura raja
Positive,Promo video kidukki.. apo trailer thakarkkum......
Negative,Trailer varunathinu mumbu Dislike adichavarku enta vaga
Positive,Katta waiting mone aganeyenkilum 8or clock aayikundenkil
Negative,Trailer erghunathinn munbb .kanathe dislike adichavanmaar verum verum..... Feeling pucham to u all
Negative,release polum akata 1.9k dislike adum kanata pokaruth ..  aa valya manass
Negative,Trailer iragunnathinu mumba dislike adikkunnavarkk Naduviral namskkaram
Positive,Lucifer na pola marana masss avatte ennu aashamsikkunnu by an ettan fan
Positive,ikka fansum onnu kandu sahakarikanam ennu abhyarthikkunnu
Negative,Ee chanelil aano ithra valiya oru cinimayude trailer idunnath  Nalla subscribers ulla chanellil ittal porarnno
Positive,madhura rajayum  usharavatte ...from a lalettan fan .
Positive,Mamookayude padamaayalum lalettan te padamaanenkilum itoru malayalam padamaanu athorkanam nammaku Ella industrikaleyum vettichu nammade Malayalam industriye unnatangalil ethikanam
Negative,Dislike adikunavanmaruda oru thandakku vili varavu vechakke
Positive,Madhura raja ki jai Madhura raja ki jai  Madhura raja ki jai  Madhura raja ki jai
Negative,Madhurarajakku madhuram theereyundakilla bhayankara kaypayirikkum njan panthayam vekkam
Positive,Mamookayude padamaayalum lalettan te padamaanenkilum itoru malayalam padamaanu athorkanam nammaku Ella industrikaleyum vettichu nammade Malayalam industriye unnatangalil ethikanam
Negative,1.3 k dislikes. ഇജ്ജാതി കുരു before trailer release 🤣🤣🤣🤣
Positive,Njn oru Lalettan fan aanu annalum trailer nu waiting aane
Positive,Njan itrayum oru cinemayude trilarin vendi kaathirunnittilla
Negative,Degrade cheyyunna narikale ningalku asuya Undo ulladukondavum dislike Pedichoo kurippeleee
Negative,Onne poyeda mugath puttiyum adich oronne iragiyekum mega star
Positive,Indian cinemayuda king Raja is coming
Negative,Dislike adukunna pooo maklkekk anta veral gift
Positive,Katta waiting
Positive,ഇടിക്കട്ട waitingggg...vegam 8 mani aakkan pattumo....unsahikkable....
Positive,Katta waiting aay ullavar like adikk
Positive,Katta waiting  Perunnal pole aaai ee divsam  Ikka minnichekkene
Positive,itrem nalum  kathu 6 manikkoor koode kakkam
Negative,Lal fans dis like adi ippozhe thudangi
Positive,Ikkakyu lalettan fans nte Aashamsaghal
Positive,8 mani aaavaaan vendiiiii katta waiting
Negative,Vishakinte page allade vere onnum kityille subcribe cheyyann...38 k ane adil agge illed...minimum 500 k..vews ille subcribr kitenamayirunnu....
Positive,Enne pole katta waiting ayi nikunavar adi oru
Negative,Dislike chydha appa illaathavanmmaar bloody fools
Positive,Ellarum orugi irunno....... Raja returns.... Teaser vannappol youtube cheria parukkukalode rekshapettu . ... Ennal innu chavum..... Waitingg......
Positive,Ith ini indian cinema yude mamangam
Positive,Ekka polichu monaa  megastar kiii jaiiii
Negative,Lal fans kurachu kashttapedu unlike adichuuu
Positive,Masann enn paranjal marana mass ith polikum
Positive,Superb     Katta suppor  By         Ettan fans
Positive,LALETTAN fan Anu  ennalum  IKKA  NiNGAL  vere LEVEL
Positive,Ithoru baahubaliyo kgf oo alla...!!! Ithu orae oru mammaankam
Positive,Ente ikka oru rakshem Ulla
Negative,oru charithra cinimakku venda 3 kariyangal illa
Positive,Ente ponnu mammookka  ellarum level .....Ultra romanjification
Positive,Murivetta simhathintte shyasam garjanthekal bayankaramayirunnu Vannu vannu avan vannuikkaa love you
Positive,All best mammokka  Team mamangam  Mammokka fans like 🤘
Positive,Ellarum ikka ikkaa...Njan mathram anooo unni chettane mention cheyunnadh...Unni chettante pwoli
Positive,Mammootty ..  പ്രായം 68  Mamangam Trailer..🤞  Vere.. vere..Vere level
Negative,Kuru potti olikknna 1k poojappura fans🤣🤣🤣
Positive,Njan vicharicha pole alla ketto...sambhavam kidukkiyittundu
Negative,Dislike adikkunna kazhuthakalude mukhath adikkunnavar like
Positive,Enta ikka........ningal njangale ingana vismayippikkalle  ...
Positive,Mammooka pwoli  Mamanga ulsavam aayirikkum Nov 21nu  Katta waiting
Positive,Makkale ethu polikkum    oru raksayumilla
Positive,Ithil love reaction button indaarrnneeel njekkittt pottikkaaarrnnn
Positive,Laletten fan anu pakshae trailer oru rakshayilla ikka look poli
Positive,Trailer kand  romanjam  Vanna ettan  fans like adikn
Positive,Ambo... marakam ikka polichu by katta lalettan fan
Positive,Wow Goosebumps laletan fan aaya enik varee kitti
Positive,Ikka fight lu ottum pinnilottu ninnittillaa...ikka maarakam
Positive,Kalam marum kathakrith marum katha marum pakshe Vikaram onne onne ollu one and only mammookka
Positive,Ivide nammal kandath oru 68kaarante poondu vilayaattam .....uffff....vere level
Positive,Ikka uyir aane ennullvar like adikk machaanmaree 🥰🥰
Positive,poliyalle  adi like ikka fans onn kand nokk
Positive,Bgm .. repeat mode .. njan maathram aano?
Positive,Malayalam kandathil vechu ettavum adar trailer
Positive,Ikka Fans Like here  And Maranamass
Positive,Poli trailer. Kidu onnum parayan illa. I am waiting.. mamangam
Positive,Ijjathi.... Mammookka..  unni achuthan... Maamangam
Negative,Dislike alla lappantta makkalum anta nadu veral നമസ്കാരം
Positive,Entammo ikka powli powli ...heavy item
Negative,Dislike cheydha thendigalk releasin kaanich therum nangal endhan mamangam enn
Positive,Oru rakshem illa  Romanjam
Positive,Hatssoff Mammukka  Ee Age lum   Pride Of India
Positive,Ende ponno 68 vayasaya oraluda body thanneyano ith.... 🤩.. NAMICHU PONNIKKAAAA
Positive,Shwaasam adakki pidich trailer kandavar adik like
Negative,Enganey thonnunnadey. I. Trailer Inu dislike adikkan
Positive,Ambooo Roman ezunettu  EPIC loading
Positive,Mamangam...nte ammooo marana massss...trailer....   verum item allaaa.... ith oru onnonnara item anuu....ikkaaaaaaa
Positive,Vere level  Ikka  uff
Positive,69 years old Megastar  Nammude Mammookkaa oreee poli mammookkaa
Positive,mollywoodin thala uyarthan  mammookkayude vaka puthiya oruitem koodi     mammookka fan like adi
Positive,Mamaangam valiya hit akatte  Lalettan and Thalapathy Vijay fansinte Ellavidha supportum undavum 🤗🤗🤗
Positive,Njan Katta Lalettan aradhakananu. Ikkayude padathinu ella ashamsakalum.
Positive,Kiddu trailer ....last momukka oduna scene pwolichu.nala ore visual treat avatay mamagam....
Positive,Ethre pravashyam kandu enn ariyilla.....MAMANGAM HISTORY OF THE BRAVE HISTORY THE  POWER HISTORY OF AN ERA....
Positive,Ellarm polikkattee.. ikka unnimukundan Prachi tehlan achuthan...fanism marann ellarm e padam kanumenn pratheekshikkunnu
Negative,Dislike adichavanmar enth kandittanavo......ee trailer thanne aano aavo kandath....
Positive,Ikkake katta support  aa mamakam hit Thane akum
Positive,im a katta lalettan fan....but ithu hit aaakanam..heavy
Positive,Mamookka eth polikkum
Negative,Ithokke kandit engane dislike adikan thonnunadeeyy
Positive,Njn oru katta lalettan fan anu pakshe ithoru oru onanora item thaneyaa 🥰🥰katta waiting
Positive,Wowwwwww enta mammokkkaaaa romanjam ennu paranjau kettu ullu ippol anabavichuuu
Positive,Polichhh kiduuu trailerrr ikkkaaa ennummm ikkaa thaneeeeee oru rekshayillathaawa traileerrrr waitingggg for thee moviee
Positive,Malayala cinemayude range maatti rachikkuvaan pokunna mamanga maholsavathinu thiri koluthi waiting for NOV 21 #MAMMOOKKA #MAMANGAM #FDFS
Positive,Oru pucca classical ikka padam...vadakka veergatha orma vannu.  ...
Positive,10 മില്യൺ ആവണം  love you mammukkaa 🥰🥰🥰🥰🥰
Positive,kandittum kandittum mathi aakunnilla
Positive,Ufff  ijjathiii iteam......  Katta Waiting
Positive,Kandit romanjam vernnu ikka eth ningale konde sadikku
Positive,NOV 21 MAranamass Pwolii  FDFS Locked
Positive,Ravanan aya avane nerkuner illaathakkan oru maha avatharam thanne vendi varum....poli
Negative,Ethinokke dislike adikkunnavar aan malayala cinimayuday shapam 🤦‍
Positive,Teaser kandu pradeekshayokke poyatharnu
Positive,Ende ponnoe ejathy trailer kandall ariyam ikka ethu rengill ulla allannennu
Positive,Supr trailer oru vettame like adikkan pattullu ennoru sankadam athra kidu trlr
Positive,Ufff  kidukkachi nalla rich feel
Negative,6.4k dislike ... Ijjathii rodhanam annaloo ....
Positive,Super .. pazhachi pola tonunu ..  history movie kanamenkil mammoka abinayikanam
Positive,TRAILER THEERALLE THEERALLE ENNU NOKKI KANDATH NJAN MATHRAM ANOO?????
Positive,Trailer igane aanekil
Negative,6.3 dislike veru verupp athanne karanam
Positive,Theater thufaaan aakan ethil kooduthal onum venda
Positive,Ithoru kidilol kidilan item ayirikum..katta waiting ikkaaa
Positive,Mamangam katta waiting... Trailer powlichu ikka oru rakshayum illa
Negative,Ee dislike adichavarde sredhayk enna kanditta enth mosam kanditta dislike adichathenn koode parayamo?
Positive,ticket kittaan ini oru mamangam nadathendi varumo..! waiting ..
Positive,Trailer ethra thavana kandunn oorma ollavarundo....kandittum kandittum mathiyaavunnillaa....ikkaa
Positive,Teaser valere adhikam pradhisha nalkkunnu
Positive,Ikkayude mamakam malayalathinte abhimanam  Ettan faninte support
Positive,Njn 6 vettam kandu.. Kandittum kandittum romancham maarunnilla
Positive,Super entha paraya kalum kayyokkey tharikkinu kandittu
Positive,Ikka November 21 Ann oru puram thanne..pazhasiraja fdfs ormaverunnu..
Positive,Adipoli super  bgm no raksha
Positive,ennalum ente mammookkaaaa.. ningayokke enna poliyaan.....ningaleyallathe mattareyum ividonnum sangalppikkan polum pattilla..
Negative,Myru Padam. Kaanendaayirunnu. Ookkaanam vannittu vayya.
Positive,Padam kandu... Mammokka guest aanenkilum puthya piller pwolich ... Pina action fighting stunts okke vera level eenu
Positive,Wow   super look Mammookka
Positive,Njan lalettanu katta fan aan..Pakshe idhile mamukkane Kanan vendi ee trailer etre pravisyam kandunu enik ariyila..Kidu...
Positive,Late aayi vannalum latest aayi varuvenne
Positive,Kidu  Lucifer  A10
Positive,Oru rakshayumilllaaaaa  katta waiting for the movie
Positive,dhe ithayrunnu njangalkku vendathu <3 rajuvetta thank you so much <3 lalettan <3
Negative,copy annan
Positive,Kattaa waiting Suraj ettan  Soubikkaa  Robot ettan Japan chechi
Positive,nalla trailer  ini ennathina padam kanunne
Negative,Laalinu pakaram vere oru nadan akamayirunnu lal ithepole orupadu   cheyithittundu
Positive,Dec 12 avunnilallo  waiting ikka
Positive,nama hero december 12 wait & see  mamamaga maha magam kankulirke kandoli the face of Indian cinima
Positive,AAA maha avathaaram piravi yedukkan poagunnu   Ini  uyertheyunelppinte.   dhinangalanu
Positive,Valluvanaadi ne poole aavan Oru Range venamedaa
Positive,mammootty anna telugu ārādhakar iviṭe iṣṭappeṭunnu
Negative,Oru Anya Basha  tharathekoodi role kodukkamayirunnu
Positive,Trailers isttapetta LALETTAN fans  adi
Positive,1:47 vfx aavashyamillayirunnu.. mammukka mammukkayayi irikunnathane nallathe
Positive,njaghalu katta waiting aanu...nov 21 aavunnillallo ennoru pbm
Positive,Kandu pinnum kandu veendum kandu sheham kandu ippol kandu ithu kazhinuu kandu
Positive,Mammookka  enna  oru  etha
Positive,Nalla oru police movie kanan orungikko
Positive,Malayalathinte mahanadan #Suriyafansinte ashamsakal🤝 Trailer looks massy!
Positive,Katta Waiting April 12 FANS SHOW TICKET KITIVAR LIKE ADIKUKA
Positive,pritvimonum lalettanum pwolichutto. character selection superb. cinema superhitayi vijayikatte en nu njan prakthikum
Positive,From tamilnadu mamukka fan vera level
Positive,Lalettan fans kar okke evadeeee....   Best wishes mammookka
Positive,Goosebumps  kidilan trailer  #FDFS #GAMECHANGEROFMOLLYWOOD
Positive,Mammokka Age 68 ....     NO WORDS
Positive,Ikkaye kanan vendi mathram fdfs urapichavar like
Negative,Uluppillathavanmaaru script writer ude peru polum vechilla.
Negative,yeah kollam surya tvil verunna serial polea und..
Positive,Lalettan Lucifer pwolich.... aduttat Mammookka de Madura Raja.... malayalatile 2 megastars
Negative,Oru ghum illaa
Positive,Mamukka I  like  you
Positive,Ikka uyir Akka Athukkum mele waiting for akka with ikkasunny
Negative,Puli ooodu kandam vazhi ooodan paray ipozhe
Negative,Thalachorilla budhiyum illatha 11k aalkkar . Ninte okke thalakku ooolamanooo
Negative,Ithu korre pullimurugan koppi adichathanalo swalpam ullupu undo  Ennalum njn Kannan pokkum Karanam ente RS 100 kedakkate padathinu
Negative,Pokiri Raja nte athra odulaa ee chithram eniku thonunnu....
Positive,2019 eattande um ikkade um thanne anu makkale....
Positive,Last aa chadi adi.... Uff.        Frm an ettan fan
Positive,Lastile superman punch oru rakshayumilla...love u ikka..
Positive,Adi poly mammokka marana mazz
Positive,The legend...wait cheyyaan vayya 🥰Njan pooyi Nara simham kaanatte cheriyoru samaadaanam🤣🤣
Positive,Mohanlal. THE GREATEST OF ALL GREATES.
Positive,Laletta negal namde muthanu ine vere arkum vitukodikila malayalikalude sothanu lalettan.
Positive,Entha chettan vilichittanu njn vannathu enna tovinoyode dialogue mass alle guys
Positive,Pakka poli Nigal entha manasilakiknath keraliyar k buthiyillalae thani thedrit pakka fillm Thani poli film
Positive,Padam kanditt veendum trailer kaanan vannavar aarengilum undo enne pole
Positive,Padam kanidit trailor kanan vanna arelum undo padam heavy 100 % mass entrtainer rajuetta.. Muthe
Positive,Theatoril climax maathram kaanichal mathiyallo eny... any ways good trailor
Positive,Evideo oru Hollywood story varunnilleee. Oru DBT.
Positive,Oru thrilling und...  Padathilum ith muzhuneelam undakumennu karuthunnavar...  Like here
Positive,Ente laletta onnum parayanilla ningal mass anu..  ningale pole ningale ullu
Positive,Padam kand kilipoyitt ivede vannavar undo...      What a movie....
Positive,Filim kandapol onnu koodi trailer kannanam ennu thonni...ettan mass ka bap
Negative,Jayetta katta fan....pakse ithonum oodathila ..oodilelum nalla cinema ayirnel kuyapolarnu..entho trailer kandite aa feelum varunila...anyway goodkuck
Positive,Jayasurya MASS Look! And super trailer
Negative,Vijay babuvinu pakaram vere actor aayrnnenkil perfect aayene
Positive,Ingalu itra nal aayitt inganatha padamgal irakkanjath enthan bhaii...
Positive,Mamangam alla avante apppan vannallum eth vijayikkum
Negative,Padam ettunila pottum ennu urappullavar like..
Positive,Mattoru DHRISHYAM...  aakum..  Aakattey..  Athinte soochana trailer il und
Negative,pora
Positive,1:48 illl dileepettante.... Lookkum.... അഭിനയവും......
Positive,Janapriyan jail vitt vere kaliyillaa... all the bst tm
Positive,Acting ഒരു രക്ഷയും illa.... baki illathoke pinne
Positive,Dileepetan and nadirshaikka .sideeqikka itu pwolikum .dieelpetan snehikunnavar like adichu poyikolu
Negative,Gopisunder pulimurukan eduthappozulla music padangal onnum marnnittia...engu rajayil eathinilkumbazum..elllam oruikalkudui avatharippikunnondu
Negative,ithenthonna ithra valiya traileronnuallallo....oru saada chalikal neracha ippo adhikavum kand varunna type trailer
Positive,Ithu kalakum illengil cinima kanunath nirutum
Positive,Trending 1  #mamangam #mammookka
Positive,Orikkal kandal orikkalum marakkatha drishyanubavam addayirikkum mamangam Oru like thannoode
Negative,Nadaka dialogue pole undallo avasanam filmum nadakamakumo.
Positive,Appo booking eppalannu start aavane 🤩🤩🤩🤩
Positive,Mammuka fans hit like Mammukayude meyvazhakam haters kaanan pokunnathe ulu
Positive,Trending ayy..ini viwesum likesum Anu vendath
Positive,YouTube vare hang aaki ikkede piller
Positive,#mamangam 2019 It will be an epic. Mammukka uyir
Positive,Apooo engane pillere teater poora parabu aakuallleee
Positive,History of Mammukka   kattawaiting and support love u Mammukka
Positive,Ho my god... Soooooooooooooooooooooooooooooooper... Dislike adicha pottimaanikal chankupottychaakum
Positive,Ndhaa ipo indaaye? Ndhokeyaa kande?? Malayalam padam thanne aano idh.ejjadhi trailler
Positive,Fdfs vare wait cheyyan pattilla Ijjathi ittam Mamookka
Positive,nyz .padam polikkumhikka with akka ishtamh
Positive,Nalla rasam ubdae
Positive,Naalu bengaalikal vijaarcha theerunate ullu ninte Japan epic!
Positive,Ithippo enthinulla purappadanavo randalum koodi Suraj  Soubi
Negative,Surajettan sound modulation kurach koodi nannakamayirunnu
Positive,Suraaj ettan last dialogue very funny
Negative,Surajettante voice oru podik koodi aged avannu
Positive,Ambili kandavroke onnu like adiche Kanaathavar onnu kanade povalle nashtaman
Positive,Mass movie. Madurai rajja odikko
Positive,Direction Rajuettan aanel Standard inte glucose level high aa  Speechless
Positive,Fastest 100 K like is loading......  Stephen nedumbili
Positive,I HOPE THIS WILL BE THE BEST THRILLER FILM SUPERB TRAILER  ORU rakshayumilla.... Kidukaachi kidiloski item....  #Katta waiting for #Lucifer
Negative,Average trailer...tiyaan pole akandu iruna mathiyarno....too many dialogues..
Positive,Etten fan anenu njan veendum teliyichirikunu
Positive,Sambavam kidu ayandu..but pratheekshikkan pediya.. sherikkum pedichitta
Positive,Ejjathi level sadhanam ishttappettavar like adik🥰
Positive,152k views in 38 minutes 107k likes. Lalettan magic
Positive,Endammooo yeath level   Ettan    Rajuettan
Positive,First Malayalam teaser to get  k likes...Lalettande mass
Positive,ikka fans kandit like adichit poyi
Positive,BEST WISHES TEAM  Abrahaminte Santhathikal
Positive,Big b model...  Ikka fans hit like
Negative,Live nalathupoleee umbichuuu koray net kalanjuuui
Positive,Romam chaadi eneettu panchayathu ground vazhi 2 round oodiiii
Negative,Nala movie aayirunu..ottum flexible alaatha lalettann edhin onum patilaa..meesha pirii role thanaal ok
Positive,Next Week china povan irikkana njan ithu kandeche njan povathullu
Positive,Laletta ...... !!   Love You.... !
Negative,Koora padam urappa kandal aryam.. Hello
Negative,Onnathinu pottikan padakam Alla nalla assalu bomb thanne
Negative,Thrissur slang paliyenn thonnunnath enikk mathramano?
Negative,Trailor kand 8 nilayil pottum enn thonunnu mumbathe pole tholvigal vaari kootan thudangunnu
Positive,EE  oonam ETT!M@@N! KONDUPOOKUM THERRCHA.....
Positive,Spadikam thott ullata ee amma makan combo
Positive,ഇതിന്റെ background music kittan valla vazhiyum undo. Kidilan
Negative,Trailer kandale ariyam lalapande adutha padakam....
Negative,Padakkam loading. Ingerkku ithu pathivaanalle. Oru hit padam eduthaal pinne moonu naalu chavarukal edukkum. Eg: Drama
Positive,Aaaa mundum pookal shirtum vere arund ithra look
Negative,Avalude name veykkunille avar lead cheyyunna film alle..
Positive,Jayasurya pandathetilum poliyali enn tonniyatu enikk maatramanno
Positive,Jayasuryakum mass movie chakochan ennavo inji
Positive,Jeyetta padam full undo trailer il?? Sambavam colour aayittundalloo...
Positive,Koode Nilkkunnavark Chunk Kodukkum 🤩🤩 PULLU GIRI 🤡🤡🤡🤡🤡
Positive,Bro full support rock man allel
Positive,Kochi polee tirssur gundakaludee place aakuoo cinemakarrr.....trailer kollam...
Positive,X mas en oru pooram aha
Positive,D companyile  jayasurya  ariyuo  ningalk  athaan  vera  level
Positive,Ithu vere level Padam aayirikkum . Enthaayalum Madhura Raja pole valiya oru vijayam aakatte
Positive,Tovinooo tovinoo....... tovinooo tovinoooo masss..kkaa... valliyappaaa.....
Negative,Trailer crisp akaamayirunnu..too much aayi poyi..
Negative,ithokke comedy pole und ...aa  bahubaliyude manam kalayo ?
Positive,Raja Annum Ennum Raja Thanne
Positive,Ikka     waiting.........
Positive,Ith malayalam movie thane ano ijathi making
Positive,Ith vera level trailerannu..... Pada. Athukum mela ayrikum.... 21 waiting...
Positive,Mammoookkaaaa polichadukkiii katta waiting nv 21
Positive,Mamooka we love u so much..
Positive,Orika kanda veendum veendum kanan thonnum..
Positive,Tamil fans like here !!!!
Negative,Ennalum ithrem kashttappettu dislike adikkunnadhu enthinanavo
Positive,Ithiloke vannu dislike adikunnavane okke namikanam
Positive,Ikkaas best actorile pole feel cheyyunnu
Negative,Ith dislike adicha polayadii makkalkk kunna namaskkaram
Negative,Adipoli...... cinema ini kanenda karyamillla
Positive,Tamil film Pizza de oru style
Positive,Ettan fansil netti poya aarenkilum undo?    #maduraraja#waiting #
Positive,Trailer I'll tannaayy full story uondu
Negative,Twist enthaanenn trailer kandappol thanne manassilaayi
Positive,Trailer il thanne full story undallo! Padam kidilan aakatte🤓
Positive,Orumathiri english padangalude trailer pole ayi.padam motham kanichallo
Negative,Looks like netflix series oru film aayi coloring Mach aavunnilla
Positive,28 k guhanloussssss ooyi bere vallla pani nokkdaa nayakkkkaley
Positive,Jayasuriya Vijaya Babu Combination After Aadu Movie.
Negative,Katha manasilay Tv il varambam kanam
Positive,Dileepettan...luv u ..luv u so much
Positive,Dileepettan jailil pokatha oru padavum ippol irangunnillaaa... Irangunnathokke super hitum
Positive,Padam kandittu  Vannavaradi  Oru kidukaachi Box office Karakkiyadi  Like
Negative,Pwolimpadam
Positive,Sathyam parayanallo trailer vijarichathra angudu kalangiyilla....nnalum all the best
Positive,cinema virodhikal dislike aayittu ethiyalo.. nthado nannaavaathe.. ikkayeyum ettaneyum verukaan ngane pattunnu keedangale..??
Positive,3.1K dislikes.... unbelievable.. Ee trailer okke ishtappedathavar poojappura fansil undenn orkkumbol kashtamm thonunnu
Positive,Pakshe padam villain movie pole aanuna kelkune emotional thrilling movie aano
Positive,Once a king
Positive,Sathyam paranjaal trailer kandit vella majjeyonnullalla
Positive,Mamangam mohanlalum marakkar mammookkayum ayirunnenkil.ith chanthuvine ormippikkunnu
Positive,All the best for movie mamankam...katta lalettan fan...
Negative,Odiyan release datinte annu oru leave kodukkam working day ayity karyamilla
Positive,Jelli kettinte trailer bgm pole ind
Positive,Triple pilleru dislike adichu marichittum onnum elkkanillallo
Positive,im from mars but i love laletan
Negative,Dislike adichavan maarude nenjathu irikkatte ente like THENDIKAL
Positive,Madhuraraja 1 hour 40 k likes  Lucifer 1 min 40 k likes
Negative,Class trailer
Positive,Madhuraraja_3hours 86K like Lucifer_49 minutes 120K like Feel the difference
Positive,Prithviraj Sukumaran
Positive,13k dislike kodutha yethu mire** adaaa
Positive,Ndh kadippada 13k dislike adichavark.. Nallath kanda nallathenne parayanm.... Atra chorinnindanki valla mullu murikinm ker myrole
Positive,Kochu pillerode chodikkan eth rajayalla nattellulla stephen nedumpalliyaanu.
Positive,Mohanlaline onnum parennilla
Positive,Nanayitunduuu...... trailer kurachu koodi nanakam ayirunu
Positive,Ithu kandappo oru vellimoonga style thonniyathu enikk mathram aano.... ithonnu kandu nokku
Positive,Jayettanu eduthal pongayha role aan...next idi
Positive,This looks like... Thrishur pooram.
Negative,Mammukka verum vishayam engneru eth enthonn chyuvanentho prayam koodum thorum glamour koodunundallo daivame
Positive,Ithin dislike addikunavar lokka tholvikallayirkkum
